fill_number,first_run_number,last_run_number,duration,start_time,start_stable_beam,end_stable_beam,end_time,delivered_lumi,recorded_lumi,efficiency_time,efficiency_lumi,peak_lumi,peak_pileup,bunches_colliding,beta_star,energy,injection_scheme,fill_type_runtime
9168,373710,373754,23361,2023-09-19 22:25:39,2023-09-19 23:39:44,2023-09-20 06:09:05,2023-09-20 15:14:06,0.439023694727,0.417265520248,99.747,95.044,0.021622267,3.364776,40.0,310.0,2679.6,525ns_128b_60_92_92_4bpi_32inj_ppref,PROTONS
9162,373601,373615,27664,2023-09-18 14:16:05,2023-09-19 01:03:59,2023-09-19 08:45:03,2023-09-19 08:41:04,6.2374149e-05,6.1045551e-05,70.813,97.87,5.9139e-05,0.140236,3.0,65400.0,6799.44,Single_3b_3_0_0_highbeta,PROTONS
9159,373576,373577,47094,2023-09-17 12:51:20,2023-09-17 15:44:45,2023-09-18 04:49:39,2023-09-18 05:12:59,0.000104773496,0.000102766294,99.964,98.084,4.2109e-05,0.099853,3.0,65400.0,6799.44,Single_3b_3_0_0_highbeta,PROTONS
9156,373563,373566,24197,2023-09-16 16:46:18,2023-09-16 22:40:22,2023-09-17 05:23:39,2023-09-17 07:21:57,6.076296e-05,5.9081859e-05,96.843,97.233,0.000103941,0.246475,3.0,65400.0,6799.44,Single_4b_3_0_1_highbeta,PROTONS
9154,373514,373555,55702,2023-09-15 11:49:21,2023-09-15 16:51:06,2023-09-16 08:19:28,2023-09-16 13:18:36,9.2282425e-05,9.0307243e-05,99.928,97.86,5.9818e-05,0.141847,3.0,65400.0,6799.44,Single_3b_3_0_0_highbeta,PROTONS
9153,373478,373511,21056,2023-09-14 19:37:22,2023-09-14 23:47:56,2023-09-15 05:38:52,2023-09-15 11:49:21,6.3777529e-05,6.201035e-05,100.0,97.229,2.724e-05,0.048446,4.0,65400.0,6799.44,Single_4b_4_0_0_highbeta,PROTONS
9138,373208,373247,10441,2023-09-11 05:01:05,2023-09-11 10:15:54,2023-09-11 13:09:55,2023-09-12 13:51:25,-0.000481461679,4.3512881e-05,100.0,-9.038,2.6104e-05,0.061901,3.0,65400.0,6799.32,Single_4b_3_0_1_highbeta,PROTONS
9136,373142,373142,15910,2023-09-10 13:27:04,2023-09-10 20:44:55,2023-09-11 01:10:05,2023-09-11 01:39:14,5.9887079e-05,5.6999832e-05,100.0,95.179,3.9034e-05,0.09256,3.0,65400.0,6799.44,Single_3b_3_0_0_highbeta,PROTONS
9135,373134,373141,17450,2023-09-10 03:51:17,2023-09-10 08:14:35,2023-09-10 13:05:25,2023-09-10 13:27:04,7.2355846e-05,6.5634222e-05,93.954,90.71,2.9173e-05,0.051883,4.0,65400.0,6799.44,Single_4b_4_0_0_1bpi_4inj,PROTONS
9132,373089,373132,31192,2023-09-09 04:39:37,2023-09-09 13:27:04,2023-09-09 22:06:56,2023-09-09 22:09:50,0.000183513271,0.000164855219,99.433,89.833,0.000885695,2.100245,3.0,65400.0,6799.32,Single_3b_3_0_0_highbeta,PROTONS
9128,373058,373061,43223,2023-09-07 12:41:45,2023-09-07 14:14:32,2023-09-08 02:14:55,2023-09-08 02:18:21,0.144071517839,0.140749453572,99.322,97.694,0.003578343,0.424265,60.0,1920.0,6799.56,Multi_72b_60_20_22_4bpi_20inj_VdM2023,PROTONS
9095,372590,372602,1832,2023-09-01 07:11:01,2023-09-01 08:43:52,2023-09-01 09:14:24,2023-09-01 14:32:55,0.001631700959,0.00141191689,49.454,86.53,0.000176809,0.574928,8.0,1100.0,449.76,Single_12b_8_8_8_2018,PROTONS
9073,370782,370865,597,2023-07-16 20:54:27,2023-07-16 22:50:23,2023-07-16 23:00:20,2023-07-18 08:12:23,6.410313644735,4.483246240801,92.785,69.938,12.743416406,36.971941,2452.0,120.0,6799.32,25ns_2464b_2452_1842_1821_236bpi_12inj_hybrid,PROTONS
9072,370766,370780,44985,2023-07-16 06:29:54,2023-07-16 07:58:39,2023-07-16 20:28:24,2023-07-16 20:54:27,799.988889049901,741.992887320084,96.541,92.75,22.216092187,64.454621,2452.0,120.0,6799.44,25ns_2464b_2452_1842_1821_236bpi_12inj_hybrid,PROTONS
9070,370744,370753,41735,2023-07-15 14:08:50,2023-07-15 17:20:09,2023-07-16 04:55:44,2023-07-16 04:58:18,745.314080204921,689.472637202516,91.276,92.508,21.952523438,63.689938,2452.0,120.0,6799.32,25ns_2464b_2452_1842_1821_236bpi_12inj_hybrid,PROTONS
9068,370718,370739,9827,2023-07-15 02:04:18,2023-07-15 05:13:10,2023-07-15 07:56:57,2023-07-15 11:53:54,186.938810316264,174.316065507433,97.833,93.248,21.567152995,62.571879,2452.0,120.0,6799.44,25ns_2464b_2452_1842_1821_236bpi_12inj_hybrid,PROTONS
9067,370704,370717,2826,2023-07-14 21:59:55,2023-07-15 01:09:53,2023-07-15 01:56:59,2023-07-15 02:04:18,40.492881149525,38.424078228973,97.558,94.891,19.275803516,55.924083,2452.0,120.0,6799.44,25ns_2464b_2452_1842_1821_236bpi_12inj_hybrid,PROTONS
9066,370663,370703,4216,2023-07-14 05:41:58,2023-07-14 07:40:14,2023-07-14 08:50:30,2023-07-14 21:59:55,58.619241542555,46.200346934568,79.953,78.814,19.136349349,55.51949,2452.0,120.0,6799.32,25ns_2464b_2452_1842_1821_236bpi_12inj_hybrid,PROTONS
9063,370562,370640,71848,2023-07-12 14:58:31,2023-07-12 17:38:37,2023-07-13 13:36:05,2023-07-13 21:04:41,995.617830515857,919.830231234838,94.497,92.388,22.106922135,64.137888,2452.0,120.0,6799.44,25ns_2464b_2452_1842_1821_236bpi_12inj_hybrid,PROTONS
9062,370537,370560,8196,2023-07-12 07:52:37,2023-07-12 12:36:43,2023-07-12 14:53:19,2023-07-12 14:58:31,156.20282545261,148.056717667002,99.402,94.785,21.909777995,63.565923,2452.0,120.0,6799.44,25ns_2464b_2452_1842_1821_236bpi_12inj_hybrid,PROTONS
9059,370517,370523,7580,2023-07-11 21:16:56,2023-07-11 23:54:52,2023-07-12 02:01:12,2023-07-12 04:22:22,140.340560541508,132.646694488503,98.47,94.518,21.315138151,61.840719,2452.0,120.0,6799.44,25ns_2464b_2452_1842_1821_236bpi_12inj_hybrid,PROTONS
9057,370473,370515,33543,2023-07-11 07:43:55,2023-07-11 09:37:44,2023-07-11 18:56:47,2023-07-11 20:52:05,600.141174953904,564.637546551547,98.48,94.084,21.431846094,62.179318,2452.0,120.0,6799.44,25ns_2464b_2452_1842_1821_236bpi_12inj_hybrid,PROTONS
9056,370462,370472,1144,2023-07-11 04:17:23,2023-07-11 07:20:06,2023-07-11 07:39:10,2023-07-11 07:43:55,12.993650206297,10.388232654512,87.063,79.949,12.827512109,37.215924,2452.0,120.0,6799.44,25ns_2464b_2452_1842_1821_236bpi_12inj_hybrid,PROTONS
9055,370459,370460,2826,2023-07-11 01:39:29,2023-07-11 03:19:30,2023-07-11 04:06:36,2023-07-11 04:17:23,36.83656132991,33.837044450951,95.188,91.857,19.783203125,57.39618,2452.0,120.0,6799.44,25ns_2464b_2452_1842_1821_236bpi_12inj_hybrid,PROTONS
9050,370393,370452,20333,2023-07-10 08:33:42,2023-07-10 12:28:48,2023-07-10 18:07:41,2023-07-10 21:22:09,385.314459265832,358.343927758152,97.138,93.0,20.825747266,63.177813,2345.0,120.0,6799.44,25ns_2358b_2345_1692_1628_236bpi_14inj_hybrid_2INDIV,PROTONS
9049,370351,370389,30797,2023-07-09 17:48:41,2023-07-09 19:07:57,2023-07-10 03:41:14,2023-07-10 08:33:42,565.827171749527,507.949645590239,94.428,89.771,21.389804427,62.057344,2452.0,120.0,6799.32,25ns_2464b_2452_1842_1821_236bpi_12inj_hybrid,PROTONS
9046,370333,370340,17667,2023-07-09 09:10:41,2023-07-09 10:56:30,2023-07-09 15:50:57,2023-07-09 16:05:41,348.958562622747,327.532408045919,98.828,93.86,21.42426276,62.157317,2452.0,120.0,6799.32,25ns_2464b_2452_1842_1821_236bpi_12inj_hybrid,PROTONS
9045,370309,370332,48490,2023-07-08 17:53:16,2023-07-08 19:40:27,2023-07-09 09:08:37,2023-07-09 09:10:41,777.675412791839,705.912027619138,94.578,90.772,21.377560937,62.021824,2452.0,120.0,6799.32,25ns_2464b_2452_1842_1821_236bpi_12inj_hybrid,PROTONS
9044,370298,370307,48913,2023-07-08 02:28:57,2023-07-08 04:06:43,2023-07-08 17:41:56,2023-07-08 17:53:16,811.713348860543,736.861639918356,94.126,90.779,21.520577214,62.436751,2452.0,120.0,6799.32,25ns_2464b_2452_1842_1821_236bpi_12inj_hybrid,PROTONS
9043,370290,370296,52915,2023-07-07 09:49:30,2023-07-07 11:09:02,2023-07-08 01:50:57,2023-07-08 02:28:57,859.215222348193,810.525569380686,98.354,94.333,21.402649089,62.094611,2452.0,120.0,6799.44,25ns_2464b_2452_1842_1821_236bpi_12inj_hybrid,PROTONS
9036,370174,370209,46554,2023-07-05 23:13:27,2023-07-06 01:17:41,2023-07-06 14:13:35,2023-07-06 14:58:08,789.605036592385,703.063089022969,90.113,89.04,21.45038125,62.233094,2452.0,120.0,6799.32,25ns_2464b_2452_1842_1821_236bpi_12inj_hybrid,PROTONS
9035,370169,370172,43418,2023-07-05 09:28:00,2023-07-05 11:03:46,2023-07-05 23:07:24,2023-07-05 23:13:27,641.994016687145,585.91155409594,90.757,91.264,20.792797917,60.325275,2452.0,120.0,6799.32,25ns_2464b_2452_1842_1821_236bpi_12inj_hybrid,PROTONS
9031,370127,370144,47931,2023-07-04 15:02:37,2023-07-04 16:56:25,2023-07-05 06:15:16,2023-07-05 06:20:31,706.537049549698,609.507941765815,76.222,86.267,20.762383984,62.985592,2345.0,120.0,6799.32,25ns_2358b_2345_1692_1628_236bpi_14inj_hybrid_2INDIV,PROTONS
9029,370087,370102,47870,2023-07-03 21:14:34,2023-07-03 23:29:56,2023-07-04 12:47:46,2023-07-04 13:07:33,643.908395194158,581.442398095163,91.554,90.299,21.026745443,63.78757,2345.0,120.0,6799.44,25ns_2358b_2345_1692_1628_236bpi_14inj_hybrid_2INDIV,PROTONS
9023,369980,370036,12543,2023-07-02 21:29:38,2023-07-02 23:58:58,2023-07-03 03:28:01,2023-07-03 11:53:31,162.151564526955,143.438785885973,91.996,88.46,17.392370052,66.058366,1873.0,120.0,6799.44,25ns_1886b_1873_1217_1173_236bpi_12inj_hybrid_2INDIV,PROTONS
9022,369978,369978,18442,2023-07-02 14:42:58,2023-07-02 16:20:53,2023-07-02 21:28:15,2023-07-02 21:29:38,173.80180222225,166.35584802745,98.509,95.716,10.866111198,66.352159,1165.0,120.0,6799.44,25ns_1178b_1165_696_693_236bpi_9inj_hybrid_2INDIV,PROTONS
9019,369954,369956,24439,2023-07-02 01:06:47,2023-07-02 03:23:12,2023-07-02 10:10:31,2023-07-02 10:16:44,91.652661154988,88.688540165952,99.439,96.766,7.744549935,61.351713,898.0,120.0,6799.44,25ns_911b_898_614_688_128bpi_11inj_hybrid_3INDIV,PROTONS
9017,369930,369943,19130,2023-07-01 14:42:39,2023-07-01 16:44:42,2023-07-01 22:03:32,2023-07-01 22:06:31,60.125182439215,54.107785419642,91.866,89.992,3.429393457,63.202879,386.0,120.0,6799.44,25ns_399b_386_204_258_128bpi_hybrid_3INDIV,PROTONS
9016,369918,369927,8117,2023-07-01 10:02:52,2023-07-01 12:26:07,2023-07-01 14:41:24,2023-07-01 14:42:39,3.346201856783,3.277460858194,99.286,97.946,0.546256242,62.677486,62.0,120.0,6799.44,25ns_75b_62_32_62_12bpi_9inj,PROTONS
9014,369898,369902,4,2023-07-01 04:21:41,2023-07-01 07:14:16,2023-07-01 07:14:20,2023-07-01 07:25:27,0.314474672817,0.308833929954,100.0,98.206,0.689596016,37.448144,131.0,120.0,6799.44,25ns_143b_131_12_14_128bpi_5inj_hybrid_3INDIV,PROTONS
9007,369864,369873,32167,2023-06-30 08:53:58,2023-06-30 11:15:51,2023-06-30 20:11:58,2023-06-30 20:13:04,28.006465221085,26.368414117216,96.294,94.151,1.367819377,69.503641,140.0,120.0,6799.44,Multi_525ns_140b_140_75_16_8bpi_19inj_2023,PROTONS
8999,369802,369802,86522,2023-06-28 18:46:31,2023-06-28 20:17:36,2023-06-29 20:19:38,2023-06-29 20:22:31,0.607149711574,0.586974462771,99.746,96.677,0.010068611,0.526669,136.0,1920.0,6799.56,525ns_138b_136_35_16_8bpi_19inj_noCloseLR_2023,PROTONS
8997,369792,369797,24520,2023-06-28 09:08:56,2023-06-28 10:30:53,2023-06-28 17:19:33,2023-06-28 17:24:29,0.219577440514,0.201294056265,94.833,91.673,0.010508629441,0.549685,136.0,1920.0,6799.44,525ns_138b_136_35_16_8bpi_19inj_noCloseLR_2023,PROTONS
8901,368821,368823,23680,2023-06-13 00:55:54,2023-06-13 02:27:22,2023-06-13 09:02:02,2023-06-13 09:03:55,442.098432972585,412.987283015587,97.534,93.415,20.535764974,62.298111,2345.0,120.0,6799.44,25ns_2358b_2345_1692_1628_236bpi_14inj_hybrid_2INDIV,PROTONS
8896,368725,368765,29023,2023-06-11 08:57:23,2023-06-11 11:25:53,2023-06-11 19:29:36,2023-06-12 09:09:28,1184.315224092744,1082.00416994175,80.205,91.361,20.525046875,62.265597,2345.0,120.0,6799.44,25ns_2358b_2345_1692_1628_236bpi_14inj_hybrid_2INDIV,PROTONS
8895,368709,368724,31572,2023-06-10 19:34:42,2023-06-11 00:02:52,2023-06-11 08:49:04,2023-06-11 08:57:23,570.262953626654,531.896729580467,98.369,93.272,20.542167187,62.317533,2345.0,120.0,6799.56,25ns_2358b_2345_1692_1628_236bpi_14inj_hybrid_2INDIV,PROTONS
8894,368682,368707,36994,2023-06-10 04:57:52,2023-06-10 07:12:22,2023-06-10 17:28:56,2023-06-10 19:34:42,613.860353256846,578.849331513973,98.378,94.297,20.536066667,62.299027,2345.0,120.0,6799.44,25ns_2358b_2345_1692_1628_236bpi_14inj_hybrid_2INDIV,PROTONS
8891,368645,368678,50459,2023-06-09 10:21:24,2023-06-09 13:09:41,2023-06-10 03:10:40,2023-06-10 03:12:31,757.023524036702,655.204675239214,86.716,86.55,20.547194792,62.332786,2345.0,120.0,6799.56,25ns_2358b_2345_1692_1628_236bpi_14inj_hybrid_2INDIV,PROTONS
8887,368631,368636,17992,2023-06-08 17:59:36,2023-06-08 21:30:50,2023-06-09 02:30:42,2023-06-09 02:32:44,329.129424808148,311.728221471422,99.1,94.713,20.850263932,63.252187,2345.0,120.0,6799.44,25ns_2358b_2345_1692_1628_236bpi_14inj_hybrid_2INDIV,PROTONS
8885,368607,368618,40281,2023-06-07 20:32:56,2023-06-08 00:27:55,2023-06-08 11:39:16,2023-06-08 12:23:00,637.334816924718,598.04355415397,97.689,93.835,20.944304427,63.537474,2345.0,120.0,6799.44,25ns_2358b_2345_1692_1628_236bpi_14inj_hybrid_2INDIV,PROTONS
8882,368562,368604,38349,2023-06-06 21:17:15,2023-06-06 22:34:46,2023-06-07 09:13:55,2023-06-07 16:50:28,635.62732042894,592.70631536182,97.254,93.247,20.847153646,63.242752,2345.0,120.0,6799.44,25ns_2358b_2345_1692_1628_236bpi_14inj_hybrid_2INDIV,PROTONS
8880,368540,368548,57801,2023-06-06 02:29:26,2023-06-06 03:46:56,2023-06-06 19:50:17,2023-06-06 19:52:56,821.544854722529,753.429541559657,93.713,91.709,20.833065104,63.200013,2345.0,120.0,6799.44,25ns_2358b_2345_1692_1628_236bpi_14inj_hybrid_2INDIV,PROTONS
8877,368485,368531,36174,2023-06-05 11:32:28,2023-06-05 13:05:21,2023-06-05 23:08:15,2023-06-05 23:48:32,540.205940624511,515.596602986744,99.367,95.444,20.689376693,62.764114,2345.0,120.0,6799.44,25ns_2358b_2345_1692_1628_236bpi_14inj_hybrid_2INDIV,PROTONS
8873,368425,368454,45545,2023-06-04 17:24:02,2023-06-04 19:23:30,2023-06-05 08:02:35,2023-06-05 08:04:13,682.444193217692,562.883373006281,86.545,82.48,20.848388932,63.2465,2345.0,120.0,6799.44,25ns_2358b_2345_1692_1628_236bpi_14inj_hybrid_2INDIV,PROTONS
8872,368423,368423,11121,2023-06-04 11:42:16,2023-06-04 14:13:41,2023-06-04 17:19:02,2023-06-04 17:24:02,202.173206109616,191.125161569345,99.11,94.535,20.491377734,62.163456,2345.0,120.0,6799.56,25ns_2358b_2345_1692_1628_236bpi_14inj_hybrid_2INDIV,PROTONS
8870,368410,368412,36983,2023-06-03 22:31:19,2023-06-03 23:48:07,2023-06-04 10:04:30,2023-06-04 10:07:26,470.217383713472,442.83625323576,98.224,94.177,16.093102344,61.123589,1873.0,120.0,6799.44,25ns_2358b_2345_1692_1628_236bpi_14inj_hybrid_2INDIV,PROTONS
8866,368391,368407,5490,2023-06-03 11:01:24,2023-06-03 12:49:21,2023-06-03 14:20:51,2023-06-03 20:54:21,70.799670790786,66.425663492488,97.814,93.822,16.238293815,61.675043,1873.0,120.0,6799.44,25ns_1886b_1873_1217_1173_236bpi_12inj_hybrid_2INDIV,PROTONS
8865,368387,368389,38339,2023-06-02 23:00:48,2023-06-03 00:21:05,2023-06-03 11:00:04,2023-06-03 11:01:24,416.535667646072,395.248060892553,98.798,94.889,14.171995247,61.587016,1637.0,120.0,6799.44,25ns_1886b_1873_1217_1173_236bpi_12inj_hybrid_2INDIV,PROTONS
8863,368379,368385,19863,2023-06-02 14:33:56,2023-06-02 16:01:52,2023-06-02 21:32:55,2023-06-02 21:51:55,247.778757410231,230.299193511672,97.06,92.945,14.119979948,61.360974,1637.0,120.0,6799.44,25ns_1886b_1873_1217_1173_236bpi_12inj_hybrid_2INDIV,PROTONS
8860,368331,368343,36948,2023-06-01 20:15:33,2023-06-01 22:03:49,2023-06-02 08:19:37,2023-06-02 08:20:53,415.243843355023,350.490774764278,88.495,84.406,15.481824349,58.801878,1873.0,120.0,6799.44,25ns_1886b_1873_1217_1173_236bpi_12inj_hybrid_2INDIV,PROTONS
8858,368306,368321,21509,2023-06-01 11:12:18,2023-06-01 13:07:00,2023-06-01 19:05:29,2023-06-01 19:10:57,235.872058333337,221.780479668909,97.95,94.026,13.817519857,60.046578,1637.0,120.0,6799.56,25ns_1886b_1873_1217_1173_236bpi_12inj_hybrid_2INDIV,PROTONS
8853,368228,368229,12306,2023-05-30 23:07:17,2023-05-31 00:14:17,2023-05-31 03:39:23,2023-05-31 03:43:45,101.193559802852,96.557051310797,99.049,95.418,9.615335091,57.87004,1182.0,120.0,6799.44,25ns_1195b_1182_777_903_236bpi_9inj_hybrid_3INDIV,PROTONS
8850,368216,368224,11912,2023-05-30 15:17:00,2023-05-30 17:28:00,2023-05-30 20:46:32,2023-05-30 20:54:52,61.589833131131,55.316528727977,94.132,89.814,5.510333822,56.565486,693.0,120.0,6799.56,25ns_2358b_2345_1692_1628_236bpi_14inj_hybrid_2INDIV,PROTONS
8822,367890,367910,43378,2023-05-24 14:50:05,2023-05-24 17:31:50,2023-05-25 05:34:48,2023-05-25 05:56:05,768.961944814931,686.352057896058,93.261,89.257,21.182078516,64.258794,2345.0,120.0,6799.44,25ns_2358b_2345_1692_1628_236bpi_14inj_hybrid_2INDIV,PROTONS
8821,367880,367884,52232,2023-05-23 22:03:26,2023-05-23 23:37:10,2023-05-24 14:07:42,2023-05-24 14:50:05,890.04028574435,828.280966671107,97.605,93.061,21.200775521,64.315513,2345.0,120.0,6799.56,25ns_2358b_2345_1692_1628_236bpi_14inj_hybrid_2INDIV,PROTONS
8817,367833,367866,45951,2023-05-22 21:19:51,2023-05-23 00:05:43,2023-05-23 12:51:34,2023-05-23 15:47:30,764.968815029853,715.306659884355,97.106,93.508,20.536163672,62.29932,2345.0,120.0,6799.44,25ns_2358b_2345_1692_1628_236bpi_14inj_hybrid_2INDIV,PROTONS
8816,367823,367832,10590,2023-05-22 14:27:48,2023-05-22 17:57:47,2023-05-22 20:54:17,2023-05-22 21:19:51,195.362918971544,183.669976951177,98.886,94.015,20.48251849,62.136581,2345.0,120.0,6799.56,25ns_2358b_2345_1692_1628_236bpi_14inj_hybrid_2INDIV,PROTONS
8811,367788,367791,3862,2023-05-22 01:21:44,2023-05-22 02:54:21,2023-05-22 03:58:43,2023-05-22 04:15:54,56.906215780721,51.112480230839,94.328,89.819,20.313879688,61.207371,2361.0,120.0,6799.56,25ns_2374b_2361_1730_1773_236bpi_13inj_hybrid_2INDIV,PROTONS
8807,367770,367772,6051,2023-05-21 13:12:34,2023-05-21 14:38:57,2023-05-21 16:19:48,2023-05-21 16:21:54,99.276148678663,88.009222807507,93.951,88.651,20.627149089,62.15128,2361.0,120.0,6799.44,25ns_2374b_2361_1730_1773_236bpi_13inj_hybrid_2INDIV,PROTONS
8804,367758,367758,16781,2023-05-21 02:06:12,2023-05-21 03:46:27,2023-05-21 08:26:08,2023-05-21 08:29:04,293.308505308181,276.576446476013,99.064,94.295,19.262733073,58.040181,2361.0,120.0,6799.56,25ns_2374b_2361_1730_1773_236bpi_13inj_hybrid_2INDIV,PROTONS
8796,367741,367754,9512,2023-05-20 01:43:26,2023-05-20 03:15:40,2023-05-20 05:54:12,2023-05-20 19:19:24,163.845458914487,155.021748333,98.328,94.615,19.388729036,58.419817,2361.0,120.0,6799.44,25ns_2374b_2361_1730_1773_236bpi_13inj_hybrid_2INDIV,PROTONS
8794,367728,367739,12210,2023-05-19 16:19:13,2023-05-19 17:39:36,2023-05-19 21:03:06,2023-05-20 00:16:40,208.495839914287,192.717375877625,96.667,92.432,19.487183073,58.716468,2361.0,120.0,6799.44,25ns_2374b_2361_1730_1773_236bpi_13inj_hybrid_2INDIV,PROTONS
8786,367680,367702,55868,2023-05-18 07:40:44,2023-05-18 12:44:49,2023-05-19 04:15:57,2023-05-19 05:08:09,799.847523974178,709.469851916475,92.71,88.701,19.92859388,60.046474,2361.0,120.0,6799.44,25ns_2374b_2361_1730_1773_236bpi_13inj_hybrid_2INDIV,PROTONS
8784,367657,367667,17375,2023-05-17 18:54:23,2023-05-17 22:24:03,2023-05-18 03:13:38,2023-05-18 04:05:41,308.422846318362,262.668559594077,89.848,85.165,19.665947656,59.255099,2361.0,120.0,6799.44,25ns_2374b_2361_1730_1773_236bpi_13inj_hybrid_2INDIV,PROTONS
8782,367612,367622,33499,2023-05-16 22:46:04,2023-05-17 02:48:27,2023-05-17 12:06:46,2023-05-17 14:28:45,553.359496421825,498.731282778006,95.982,90.128,20.271909896,61.080912,2361.0,120.0,6799.56,25ns_2374b_2361_1730_1773_236bpi_13inj_hybrid_2INDIV,PROTONS
8778,367579,367597,21960,2023-05-16 09:33:13,2023-05-16 12:45:56,2023-05-16 18:51:56,2023-05-16 19:27:54,0.499492214858,0.430213858549,92.727,86.13,0.143932129,28.726919,9.0,120.0,6799.56,Single_12b_9_1_3_BSRT_2023_with_pilot,PROTONS
8775,367546,367556,22835,2023-05-15 20:17:31,2023-05-15 22:20:44,2023-05-16 04:41:19,2023-05-16 05:15:03,417.932436249756,389.842038263917,97.018,93.279,20.404326302,61.479894,2361.0,120.0,6799.68,25ns_2374b_2361_1730_1773_236bpi_13inj_hybrid_2INDIV,PROTONS
8773,367505,367539,44034,2023-05-15 01:13:30,2023-05-15 05:37:23,2023-05-15 17:51:17,2023-05-15 19:30:54,707.365999373942,649.873526775766,95.619,91.872,20.407539193,61.489575,2361.0,120.0,6799.56,25ns_2374b_2361_1730_1773_236bpi_13inj_hybrid_2INDIV,PROTONS
8771,367472,367477,44322,2023-05-14 09:01:22,2023-05-14 10:32:23,2023-05-14 22:51:05,2023-05-14 22:52:55,673.503436203687,624.729496771181,97.543,92.758,20.290823958,61.137902,2361.0,120.0,6799.56,25ns_2374b_2361_1730_1773_236bpi_13inj_hybrid_2INDIV,PROTONS
8754,367401,367417,48437,2023-05-12 12:08:10,2023-05-12 14:37:24,2023-05-13 04:04:41,2023-05-13 04:19:04,715.859083555271,655.867319631139,94.496,91.62,20.377380208,61.398705,2361.0,120.0,6799.68,25ns_2374b_2361_1730_1773_236bpi_13inj_hybrid_2INDIV,PROTONS
8750,367354,367357,151,2023-05-11 23:33:17,2023-05-12 01:29:43,2023-05-12 01:32:14,2023-05-12 01:44:11,4.085016094753,3.77508511754,84.667,92.413,10.448113737,31.481016,2361.0,120.0,6799.56,25ns_2374b_2361_1730_1773_236bpi_13inj_hybrid_2INDIV,PROTONS
8746,367329,367337,36295,2023-05-11 07:55:33,2023-05-11 09:39:49,2023-05-11 19:44:44,2023-05-11 19:45:41,481.098468818831,446.992482727931,96.732,92.911,19.410986589,58.486881,2361.0,120.0,6799.56,25ns_2374b_2361_1730_1773_236bpi_13inj_hybrid_2INDIV,PROTONS
8741,367305,367316,27351,2023-05-10 16:49:18,2023-05-10 19:22:59,2023-05-11 02:58:50,2023-05-11 03:18:19,300.705257578652,274.416177898742,97.163,91.258,16.176697396,60.888447,1890.0,120.0,6799.56,25ns_1903b_1890_1099_1160_236bpi_12inj_hybrid_3INDIV,PROTONS
8739,367266,367271,33992,2023-05-10 01:28:11,2023-05-10 03:36:26,2023-05-10 13:02:58,2023-05-10 13:05:37,421.43760212569,382.466626762512,94.113,90.753,15.497659115,61.079536,1805.0,120.0,6799.56,25ns_1818b_1805_1057_1182_164bpi_14inj_hybrid_2INDIV_bs250ns,PROTONS
8738,367253,367265,32235,2023-05-09 13:20:36,2023-05-09 16:05:53,2023-05-10 01:03:08,2023-05-10 01:28:11,411.909651282657,368.636283943135,94.09,89.494,15.534838151,61.226067,1805.0,120.0,6799.56,25ns_1818b_1805_1057_1182_164bpi_14inj_hybrid_2INDIV_bs250ns,PROTONS
8736,367227,367234,43594,2023-05-08 19:06:51,2023-05-08 21:45:37,2023-05-09 09:52:11,2023-05-09 10:20:55,585.043690469372,540.011618878767,94.754,92.303,15.579205273,61.400928,1805.0,120.0,6799.68,25ns_1818b_1805_1057_1182_164bpi_14inj_hybrid_2INDIV_bs250ns,PROTONS
8731,367115,367144,26634,2023-05-07 18:43:43,2023-05-07 20:41:47,2023-05-08 04:05:41,2023-05-08 08:02:45,339.813757300802,289.453879660489,87.561,85.18,16.792533203,66.182911,1805.0,120.0,6799.56,25ns_1818b_1805_1057_1182_164bpi_14inj_hybrid_2INDIV_bs250ns,PROTONS
8730,367105,367112,40690,2023-05-07 04:35:35,2023-05-07 07:23:23,2023-05-07 18:41:33,2023-05-07 18:43:43,324.586670520685,306.321657355437,98.277,94.373,10.440921549,64.587406,1150.0,120.0,6799.56,25ns_1163b_1150_773_941_164bpi_11inj_hybrid_3INDIV_bs250ns,PROTONS
8729,367098,367104,37403,2023-05-06 16:02:40,2023-05-06 18:08:38,2023-05-07 04:32:01,2023-05-07 04:35:35,308.31495772949,285.380628347158,96.524,92.561,10.273515039,63.551831,1150.0,120.0,6799.68,25ns_1163b_1150_773_941_164bpi_11inj_hybrid_3INDIV_bs250ns,PROTONS
8728,367091,367097,13568,2023-05-06 10:01:30,2023-05-06 11:22:16,2023-05-06 15:08:24,2023-05-06 16:02:40,124.355660838498,114.785580897352,95.386,92.304,10.569025586,65.379854,1150.0,120.0,6799.68,25ns_1163b_1150_773_941_164bpi_11inj_hybrid_3INDIV_bs250ns,PROTONS
8725,367078,367079,16823,2023-05-06 00:50:58,2023-05-06 03:50:48,2023-05-06 08:31:11,2023-05-06 08:35:02,133.874878727909,125.058793037644,97.289,93.415,8.915405469,64.323701,986.0,120.0,6799.56,25ns_999b_986_649_787_164bpi_10inj_hybrid_3INDIV_bs250ns,PROTONS
8724,367067,367077,11744,2023-05-05 17:31:45,2023-05-05 20:58:14,2023-05-06 00:13:58,2023-05-06 00:50:58,92.131595609035,72.027656372657,83.701,78.179,8.950194531,64.5747,986.0,120.0,6799.56,25ns_999b_986_649_787_164bpi_10inj_hybrid_3INDIV_bs250ns,PROTONS
8723,367045,367066,18915,2023-05-05 08:41:57,2023-05-05 11:38:10,2023-05-05 16:53:25,2023-05-05 17:31:45,60.02883564636,54.181816105753,93.856,90.26,3.473763184,64.020601,386.0,120.0,6799.68,25ns_399b_386_204_258_128bpi_7inj_hybrid_3INDIV_bs250ns,PROTONS
8701,366924,366936,27343,2023-05-02 21:57:38,2023-05-03 00:55:26,2023-05-03 08:31:09,2023-05-03 09:28:52,220.577505363738,207.344106584592,97.945,94.001,9.198126367,66.363504,986.0,120.0,6799.56,25ns_999b_986_649_787_164bpi_10inj_hybrid_3INDIV_bs250ns,PROTONS
8696,366877,366895,41294,2023-05-01 19:20:50,2023-05-01 22:15:09,2023-05-02 09:43:23,2023-05-02 09:46:10,269.389871657543,246.4863100434,95.554,91.498,9.280082813,66.954809,986.0,120.0,6799.56,25ns_999b_986_649_787_164bpi_10inj_hybrid_3INDIV_bs250ns,PROTONS
8695,366865,366876,28773,2023-05-01 09:07:09,2023-05-01 11:19:44,2023-05-01 19:19:17,2023-05-01 19:20:50,188.347236817353,171.947022297423,94.884,91.293,8.401871419,66.558961,898.0,120.0,6799.68,25ns_911b_898_591_744_128bpi_11inj_hybrid_3INDIV_bs250ns,PROTONS
8692,366844,366852,3339,2023-04-30 22:45:24,2023-05-01 01:01:52,2023-05-01 01:57:31,2023-05-01 06:31:40,10.686601482897,10.086892124812,97.933,94.388,3.592507715,66.209035,386.0,120.0,6799.56,25ns_399b_386_204_258_128bpi_7inj_hybrid_3INDIV_bs250ns,PROTONS
8691,366834,366843,13616,2023-04-30 16:26:56,2023-04-30 18:24:02,2023-04-30 22:10:58,2023-04-30 22:45:24,44.491179280312,39.650718869801,94.088,89.12,3.642645312,67.133057,386.0,120.0,6799.56,25ns_399b_386_204_258_128bpi_7inj_hybrid_3INDIV_bs250ns,PROTONS
8690,366828,366833,26612,2023-04-30 06:47:29,2023-04-30 08:55:39,2023-04-30 16:19:11,2023-04-30 16:26:56,74.285600231923,67.963597739544,95.908,91.49,3.56796665,65.756747,386.0,120.0,6799.56,25ns_399b_386_204_258_128bpi_7inj_hybrid_3INDIV_bs250ns,PROTONS
8686,366806,366821,31484,2023-04-29 16:02:32,2023-04-29 18:16:31,2023-04-30 03:01:15,2023-04-30 03:08:15,85.519815842938,81.624915007294,99.108,95.446,3.615687793,66.636237,386.0,120.0,6799.56,25ns_399b_386_204_258_128bpi_7inj_hybrid_3INDIV_bs250ns,PROTONS
8685,366792,366804,29352,2023-04-29 05:16:23,2023-04-29 07:43:19,2023-04-29 15:52:31,2023-04-29 16:02:32,75.660073566726,66.470070141648,90.972,87.854,3.583005322,64.042936,398.0,120.0,6799.56,25ns_411b_398_320_338_36bpi_15inj_3INDIV,PROTONS
8675,366718,366730,19142,2023-04-27 18:58:15,2023-04-27 21:50:16,2023-04-28 03:09:18,2023-04-28 03:22:57,55.300751830626,50.304608505816,93.12,90.966,3.770167594,67.388289,398.0,120.0,6799.56,25ns_411b_398_320_338_36bpi_15inj_3INDIV,PROTONS
8654,366531,366535,3470,2023-04-24 23:37:38,2023-04-25 01:42:08,2023-04-25 02:39:58,2023-04-25 05:49:09,1.420537389331,1.228892569611,93.199,86.509,0.535665096,61.462257,62.0,120.0,6799.68,25ns_75b_62_32_62_12bpi_9inj,PROTONS
8645,366501,366504,38370,2023-04-23 22:27:36,2023-04-24 00:31:55,2023-04-24 11:11:25,2023-04-24 11:12:16,15.816270588359,15.379804372821,99.898,97.24,0.534455997469,61.323525,62.0,120.0,6799.56,25ns_75b_62_32_62_12bpi_9inj,PROTONS
8644,366488,366500,38160,2023-04-23 09:32:07,2023-04-23 11:49:15,2023-04-23 22:25:15,2023-04-23 22:27:36,15.500594011194,13.157507440452,85.818,84.884,0.542418774,62.237173,62.0,120.0,6799.56,25ns_75b_62_32_62_12bpi_9inj,PROTONS
8642,366463,366475,31768,2023-04-22 18:10:19,2023-04-22 20:28:56,2023-04-23 05:18:24,2023-04-23 06:30:40,12.642497668951,10.923086266719,90.179,86.4,0.439525094,50.431146,62.0,120.0,6799.56,25ns_75b_62_32_62_12bpi_9inj,PROTONS
8639,366448,366454,41707,2023-04-22 01:26:16,2023-04-22 03:35:06,2023-04-22 15:10:13,2023-04-22 15:03:47,1.717863615386,1.584062728049,94.79,92.211,0.056691155,50.411795,8.0,120.0,6799.56,Single_12b_8_8_8_2018,PROTONS
8637,366396,366442,27232,2023-04-21 15:09:36,2023-04-21 16:58:01,2023-04-22 00:31:53,2023-04-22 00:35:54,0.364558540011,0.305083416448,99.244,83.686,0.014790108,52.607565,2.0,120.0,6799.68,Single_3b_2_2_2,PROTONS
8580,366034,366035,14235,2023-04-13 00:53:02,2023-04-13 02:31:35,2023-04-13 06:28:50,2023-04-13 06:43:59,0.001046673394,0.001002295144,99.733,95.76,0.000104761,0.572245,8.0,1100.0,450.0,,PROTONS
8559,365879,365889,21095,2023-04-09 08:30:29,2023-04-09 09:08:05,2023-04-09 14:59:40,2023-04-09 15:36:19,0.001410376712,0.001227208164,100.0,87.013,0.00012767,0.110926,8.0,1100.0,450.0,,PROTONS
8558,365873,365878,3647,2023-04-09 05:41:20,2023-04-09 07:00:26,2023-04-09 08:01:13,2023-04-09 08:30:29,0.000517395533,0.0004541208,100.0,87.771,0.00014164,0.120469,8.0,1100.0,450.0,,PROTONS
8550,365824,365845,36154,2023-04-07 11:30:44,2023-04-07 13:13:35,2023-04-07 23:16:09,2023-04-07 23:35:33,0.002203672056,0.00191768744,92.252,87.022,0.000144168,0.127962,8.0,1100.0,450.0,,PROTONS
8542,365767,365777,7143,2023-04-06 12:29:50,2023-04-06 15:05:04,2023-04-06 17:04:07,2023-04-06 18:19:01,0.000190375968,0.00017748406,99.23,93.228,3.0811e-05,0.095132,2.0,1100.0,450.0,,PROTONS
8541,365758,365765,5473,2023-04-06 09:56:20,2023-04-06 10:51:30,2023-04-06 12:22:43,2023-04-06 12:29:50,0.000185951898,0.000148584628,95.03,79.905,0.000595187,2.117046,2.0,1100.0,450.0,,PROTONS
8540,365748,365757,6812,2023-04-06 06:20:56,2023-04-06 07:39:21,2023-04-06 09:32:53,2023-04-06 09:56:20,0.000246839719,0.000210338528,92.88,85.213,3.2876e-05,0.116939,2.0,1100.0,449.88,,PROTONS
8498,364699,365368,947222,2023-03-14 16:40:19,2023-03-14 16:46:25,2023-03-25 15:53:27,2023-03-27 17:49:47,,,80.645,,,,,580.0,,,PROTONS
8496,362755,362782,24419,2022-11-27 16:36:57,2022-11-27 22:14:02,2022-11-28 05:01:01,2022-11-28 10:01:21,424.570648138842,387.729104714112,95.147,91.323,18.760928516,56.124091,2378.0,60.0,6799.44,25ns_2390b_2378_1967_2106_180bpi_18inj_2INDIV,PROTONS
8491,362719,362743,32202,2022-11-26 21:24:09,2022-11-26 22:58:05,2022-11-27 07:54:47,2022-11-27 11:02:52,563.399075108433,500.259898904651,92.805,88.793,19.045784635,56.97625,2378.0,60.0,6799.44,25ns_2390b_2378_1967_2106_180bpi_18inj_2INDIV,PROTONS
8489,362691,362698,57456,2022-11-25 21:42:56,2022-11-26 00:40:50,2022-11-26 16:38:26,2022-11-26 16:46:37,837.240367487556,786.942880415965,97.492,93.992,18.720485938,56.003106,2378.0,60.0,6799.44,25ns_2390b_2378_1967_2106_180bpi_18inj_2INDIV,PROTONS
8484,362653,362679,21442,2022-11-25 05:56:14,2022-11-25 07:52:20,2022-11-25 13:49:42,2022-11-25 16:46:41,393.627122975231,334.745458649098,81.755,85.041,19.882349479,57.730918,2450.0,60.0,6799.44,25ns_2462b_2450_1737_1735_180bpi_17inj_2INDIV,PROTONS
8479,362642,362644,7819,2022-11-24 18:51:26,2022-11-24 20:53:19,2022-11-24 23:03:38,2022-11-24 23:12:26,0.158172479873,0.151776559283,99.361,95.956,0.038747562,26.323864,9.0,60.0,6799.44,Single_12b_9_1_3_BSRT_2018_pilot,PROTONS
8474,362609,362618,28949,2022-11-24 04:17:47,2022-11-24 06:31:25,2022-11-24 14:33:54,2022-11-24 14:37:35,566.319549759787,496.501873841333,92.608,87.672,21.230414323,61.645196,2450.0,60.0,6799.56,25ns_2462b_2450_1737_1735_180bpi_17inj_2INDIV,PROTONS
8471,362585,362600,4302,2022-11-23 18:55:48,2022-11-23 20:58:55,2022-11-23 22:10:37,2022-11-23 22:25:10,79.778924524462,70.632817136198,93.305,88.536,19.800309766,57.492705,2450.0,60.0,6799.44,25ns_2462b_2450_1737_1735_180bpi_17inj_2INDIV,PROTONS
8456,362430,362440,42791,2022-11-21 09:46:13,2022-11-21 11:32:30,2022-11-21 23:25:41,2022-11-21 23:49:32,752.769586418326,671.671140812042,96.001,89.227,25.840220964,75.030352,2450.0,60.0,6799.56,25ns_2462b_2450_1737_1735_180bpi_17inj_2INDIV,PROTONS
8402,362155,362169,28834,2022-11-17 00:17:39,2022-11-17 02:21:22,2022-11-17 10:21:56,2022-11-17 10:28:03,514.904644440706,469.081975305267,94.42,91.101,19.120161458,55.517808,2450.0,60.0,6799.44,25ns_2462b_2450_1737_1735_180bpi_17inj_2INDIV,PROTONS
8401,362136,362154,39197,2022-11-16 11:04:45,2022-11-16 13:18:05,2022-11-17 00:11:22,2022-11-17 00:17:39,655.91268168368,608.527344066267,95.992,92.776,19.135009375,55.560921,2450.0,60.0,6799.56,25ns_2462b_2450_1737_1735_180bpi_17inj_2INDIV,PROTONS
8399,362092,362122,27813,2022-11-15 22:29:57,2022-11-16 01:16:45,2022-11-16 09:00:18,2022-11-16 10:36:33,498.74880878983,459.223292877526,95.951,92.075,19.031475,55.260297,2450.0,60.0,6799.44,25ns_2462b_2450_1737_1735_180bpi_17inj_2INDIV,PROTONS
8398,362079,362091,40592,2022-11-15 08:51:36,2022-11-15 11:02:01,2022-11-15 22:18:33,2022-11-15 22:29:57,662.159021905634,610.549104865515,97.002,92.206,19.599395833,56.909326,2450.0,60.0,6799.44,25ns_2462b_2450_1737_1735_180bpi_17inj_2INDIV,PROTONS
8395,362056,362064,49154,2022-11-14 14:17:55,2022-11-14 15:59:56,2022-11-15 05:39:10,2022-11-15 05:43:37,756.762416816353,680.217984298217,94.515,89.885,19.106253516,55.477425,2450.0,60.0,6799.56,25ns_2462b_2450_1737_1735_180bpi_17inj_2INDIV,PROTONS
8392,362007,362046,515,2022-11-14 07:10:11,2022-11-14 08:33:40,2022-11-14 08:42:15,2022-11-14 12:26:24,9.092575398938,8.255081430017,93.981,90.789,17.918207422,52.027783,2450.0,60.0,6799.56,25ns_2462b_2450_1737_1735_180bpi_17inj_2INDIV,PROTONS
8389,361987,361996,11331,2022-11-13 12:54:10,2022-11-13 14:15:45,2022-11-13 17:24:36,2022-11-13 18:45:41,207.63860114769,175.334435725102,88.438,84.442,19.227125391,55.828391,2450.0,60.0,6799.56,25ns_2462b_2450_1737_1735_180bpi_17inj_2INDIV,PROTONS
8387,361970,361974,55032,2022-11-12 16:19:43,2022-11-12 17:50:44,2022-11-13 09:07:56,2022-11-13 11:03:33,879.633210748617,833.679893352465,99.028,94.776,19.484208594,56.574865,2450.0,60.0,6799.44,25ns_2462b_2450_1737_1735_180bpi_17inj_2INDIV,PROTONS
8385,361953,361961,43362,2022-11-12 01:36:10,2022-11-12 03:06:36,2022-11-12 15:09:18,2022-11-12 15:21:03,498.665713702909,468.201328110965,97.535,93.891,15.232645052,60.135008,1802.0,60.0,6799.56,25ns_1815b_1802_1443_1542_180bpi_14inj_3INDIVs,PROTONS
8383,361946,361949,8250,2022-11-11 20:51:02,2022-11-11 22:06:50,2022-11-12 00:24:20,2022-11-12 00:30:26,32.02885383462,31.053261755397,98.8,96.954,4.329249577,53.283363,578.0,60.0,6799.44,25ns_591b_578_510_540_72bpi_12inj_3INDIV,PROTONS
8381,361902,361934,84619,2022-11-10 18:00:16,2022-11-10 19:31:48,2022-11-11 19:02:07,2022-11-11 19:11:19,1.246163359381,1.117520313553,88.871,89.677,0.018529502,0.915394,144.0,1920.0,6799.44,525ns_146b_144_35_22_8bpi_20inj_nocloseLR,PROTONS
8379,361880,361893,60126,2022-11-09 22:51:05,2022-11-10 00:05:50,2022-11-10 16:47:56,2022-11-10 16:49:17,0.351815163188,0.332926748931,95.935,94.631,0.006490135,0.796036,58.0,1920.0,6799.56,Multi_70b_58_20_22_4bpi_19inj,PROTONS
8347,361576,361580,30523,2022-11-05 06:28:33,2022-11-05 08:30:38,2022-11-05 16:59:21,2022-11-05 17:01:16,519.988394654564,484.309150725831,90.912,93.138,19.065297396,55.358504,2450.0,60.0,6799.56,25ns_2462b_2450_1737_1735_180bpi_17inj_2INDIV,PROTONS
8345,361567,361574,21005,2022-11-04 19:27:39,2022-11-04 21:56:57,2022-11-05 03:47:02,2022-11-05 06:03:51,380.273228414777,347.680836497463,92.187,91.429,19.185828255,55.70848,2450.0,60.0,6799.56,25ns_2462b_2450_1737_1735_180bpi_17inj_2INDIV,PROTONS
8342,361512,361552,36084,2022-11-03 19:15:01,2022-11-03 20:41:44,2022-11-04 06:43:08,2022-11-04 13:12:22,605.827691642219,575.469493737822,99.019,94.989,19.51787513,56.67262,2450.0,60.0,6799.68,25ns_2462b_2450_1737_1735_180bpi_17inj_2INDIV,PROTONS
8335,361474,361476,28895,2022-11-03 00:20:22,2022-11-03 02:17:00,2022-11-03 10:18:35,2022-11-03 10:19:35,510.46195504436,482.624775323253,98.623,94.547,19.31476237,56.082856,2450.0,60.0,6799.56,25ns_2462b_2450_1737_1735_180bpi_17inj_2INDIV,PROTONS
8334,361449,361472,43902,2022-11-02 08:59:09,2022-11-02 11:34:22,2022-11-02 23:46:04,2022-11-03 00:20:22,745.930292476523,698.083141961943,98.699,93.586,19.576369141,56.842466,2450.0,60.0,6799.56,25ns_2462b_2450_1737_1735_180bpi_17inj_2INDIV,PROTONS
8333,361438,361447,53208,2022-11-01 16:54:21,2022-11-01 18:10:37,2022-11-02 08:57:25,2022-11-02 08:59:09,809.932843382069,770.686086902019,98.389,95.154,19.264301302,55.936337,2450.0,60.0,6799.68,25ns_2462b_2450_1737_1735_180bpi_17inj_2INDIV,PROTONS
8331,361415,361420,37881,2022-11-01 02:26:22,2022-11-01 04:23:52,2022-11-01 14:55:13,2022-11-01 15:20:42,632.595776648961,599.938610975638,97.046,94.838,19.311306901,56.072822,2450.0,60.0,6799.68,25ns_2462b_2450_1737_1735_180bpi_17inj_2INDIV,PROTONS
8330,361400,361414,10710,2022-10-31 15:57:15,2022-10-31 17:19:28,2022-10-31 20:17:58,2022-11-01 02:26:22,194.809464437201,183.262242867557,98.469,94.073,19.063663151,55.353758,2450.0,60.0,6799.68,25ns_2462b_2450_1737_1735_180bpi_17inj_2INDIV,PROTONS
8327,361357,361388,23205,2022-10-30 23:42:52,2022-10-31 02:34:53,2022-10-31 09:01:38,2022-10-31 12:21:21,419.645798543743,364.604768289741,88.765,86.884,19.00845651,55.19346,2450.0,60.0,6799.68,25ns_2462b_2450_1737_1735_180bpi_17inj_2INDIV,PROTONS
8324,361333,361352,7121,2022-10-30 08:47:51,2022-10-30 10:05:22,2022-10-30 12:04:03,2022-10-30 18:00:40,128.467353351135,121.465398607233,98.834,94.55,18.697489453,54.290527,2450.0,60.0,6799.56,25ns_2462b_2450_1737_1735_180bpi_17inj_2INDIV,PROTONS
8322,361306,361321,24496,2022-10-29 20:36:43,2022-10-29 23:23:16,2022-10-30 06:11:32,2022-10-30 06:23:22,440.358835224547,398.404453588607,98.098,90.473,19.105515755,55.475283,2450.0,60.0,6799.56,25ns_2462b_2450_1737_1735_180bpi_17inj_2INDIV,PROTONS
8321,361300,361303,52418,2022-10-29 02:23:02,2022-10-29 06:02:42,2022-10-29 20:36:20,2022-10-29 20:36:43,798.560467734398,753.998141970036,98.615,94.42,19.043923958,55.296444,2450.0,60.0,6799.56,25ns_2462b_2450_1737_1735_180bpi_17inj_2INDIV,PROTONS
8320,361286,361299,21814,2022-10-28 16:21:32,2022-10-28 20:08:27,2022-10-29 02:12:01,2022-10-29 02:23:02,397.5198744129,373.957425190759,96.516,94.073,19.426348177,56.40686,2450.0,60.0,6799.56,25ns_2462b_2450_1737_1735_180bpi_17inj_2INDIV,PROTONS
8319,361264,361284,12114,2022-10-28 11:29:25,2022-10-28 12:53:38,2022-10-28 16:15:32,2022-10-28 16:21:32,223.416389119115,183.369355349078,86.973,82.075,19.025835417,55.243921,2450.0,60.0,6799.56,25ns_2462b_2450_1737_1735_180bpi_17inj_2INDIV,PROTONS
8317,361227,361242,48767,2022-10-27 17:54:26,2022-10-27 20:29:05,2022-10-28 10:01:52,2022-10-28 10:11:13,748.962765917773,707.411384061493,98.759,94.452,19.151728906,55.609468,2450.0,60.0,6799.56,25ns_2462b_2450_1737_1735_180bpi_17inj_2INDIV,PROTONS
8316,361205,361225,16248,2022-10-27 11:00:05,2022-10-27 13:21:06,2022-10-27 17:51:54,2022-10-27 17:54:26,296.860786866743,270.351994657752,95.969,91.07,19.075633854,55.388516,2450.0,60.0,6799.56,25ns_2462b_2450_1737_1735_180bpi_17inj_2INDIV,PROTONS
8315,361179,361204,58228,2022-10-26 15:17:58,2022-10-26 18:30:53,2022-10-27 10:41:21,2022-10-27 11:00:05,863.735478812408,758.61318363723,90.437,87.829,19.05621224,55.332123,2450.0,60.0,6799.68,25ns_2462b_2450_1737_1735_180bpi_17inj_2INDIV,PROTONS
8314,361099,361178,19655,2022-10-25 21:34:28,2022-10-25 23:34:52,2022-10-26 05:02:27,2022-10-26 15:17:58,307.516144460773,279.462440407682,95.63,90.877,16.905564583,52.979842,2270.0,60.0,6799.68,25ns_2462b_2450_1737_1735_180bpi_17inj_2INDIV,PROTONS
8313,361086,361097,9447,2022-10-25 14:54:40,2022-10-25 16:39:35,2022-10-25 19:17:02,2022-10-25 21:34:28,56.138784492848,53.843663213832,99.227,95.912,7.746176628,47.751655,1154.0,60.0,6799.56,25ns_1167b_1154_1022_1088_144bpi_12inj_3INDIV,PROTONS
8312,361060,361084,1324,2022-10-25 12:09:28,2022-10-25 14:24:08,2022-10-25 14:46:12,2022-10-25 14:54:40,9.476074052811,7.913246695623,97.959,83.508,7.506442801,46.273806,1154.0,60.0,6799.56,25ns_1167b_1154_1022_1088_144bpi_12inj_3INDIV,PROTONS
8311,361042,361059,43505,2022-10-24 22:35:39,2022-10-25 00:02:55,2022-10-25 12:08:00,2022-10-25 12:09:28,681.996191368699,602.700891258251,86.525,88.373,19.12475,55.531132,2450.0,60.0,6799.56,25ns_2462b_2450_1737_1735_180bpi_17inj_2INDIV,PROTONS
8309,361008,361034,9792,2022-10-24 14:04:58,2022-10-24 17:04:38,2022-10-24 19:47:50,2022-10-24 20:10:48,30.929687514527,29.37168356372,97.396,94.963,4.143901237,51.00214,578.0,60.0,6799.68,25ns_591b_578_510_540_72bpi_12inj_3INDIV,PROTONS
8307,360982,361000,8026,2022-10-24 07:36:21,2022-10-24 10:23:14,2022-10-24 12:37:00,2022-10-24 13:52:05,40.44967816371,38.111154475496,95.913,94.219,5.68860651,70.014001,578.0,60.0,6799.68,25ns_591b_578_510_540_72bpi_12inj_3INDIV,PROTONS
8306,360930,360981,47809,2022-10-23 13:33:23,2022-10-23 15:35:19,2022-10-24 04:52:08,2022-10-24 07:36:21,728.142628145742,637.355196385803,91.732,87.532,19.104948177,55.473635,2450.0,60.0,6799.56,25ns_2462b_2450_1737_1735_180bpi_17inj_2INDIV,PROTONS
8305,360922,360927,44346,2022-10-22 22:48:39,2022-10-23 01:06:14,2022-10-23 13:25:20,2022-10-23 13:33:23,692.010842598646,652.864251178557,98.489,94.343,19.563470703,56.805013,2450.0,60.0,6799.56,25ns_2462b_2450_1737_1735_180bpi_17inj_2INDIV,PROTONS
8304,360915,360921,24068,2022-10-22 14:14:50,2022-10-22 16:01:09,2022-10-22 22:42:17,2022-10-22 22:48:39,430.031238799475,401.061689460252,97.682,93.263,19.425208724,56.403552,2450.0,60.0,6799.68,25ns_2462b_2450_1737_1735_180bpi_17inj_2INDIV,PROTONS
8302,360880,360897,48733,2022-10-21 20:20:36,2022-10-21 22:36:43,2022-10-22 12:08:56,2022-10-22 12:23:58,711.314955341723,641.199610746337,94.706,90.143,19.549710026,56.765057,2450.0,60.0,6799.68,25ns_2462b_2450_1737_1735_180bpi_17inj_2INDIV,PROTONS
8301,360866,360876,11895,2022-10-21 14:10:56,2022-10-21 16:53:18,2022-10-21 20:11:33,2022-10-21 20:20:36,31.549039749471,26.608147485837,83.168,84.339,2.847955924,67.086197,302.0,60.0,6799.68,25ns_315b_302_237_240_48bpi_11inj,PROTONS
8299,360851,360857,1356,2022-10-21 08:24:48,2022-10-21 11:12:13,2022-10-21 11:34:49,2022-10-21 12:03:30,3.816491556471,3.709038364988,17.699,97.185,2.747692415,64.724399,302.0,60.0,6799.68,25ns_315b_302_237_240_48bpi_11inj,PROTONS
8297,360814,360847,34902,2022-10-20 12:18:55,2022-10-20 13:44:45,2022-10-20 23:26:27,2022-10-21 08:09:57,570.636104673727,491.122335422475,89.467,86.066,19.270183464,58.284809,2352.0,60.0,6799.68,25ns_2365b_2352_1696_1848_200bpi_14inj_mixed_1INDIV,PROTONS
8295,360789,360799,39131,2022-10-19 21:22:26,2022-10-19 23:56:38,2022-10-20 10:48:49,2022-10-20 10:59:32,593.615652263589,555.527226740315,97.774,93.584,18.066289062,52.457757,2450.0,60.0,6799.68,25ns_2462b_2450_1737_1735_180bpi_17inj_2INDIV,PROTONS
8293,360760,360762,3689,2022-10-19 13:25:49,2022-10-19 15:02:08,2022-10-19 16:03:37,2022-10-19 16:32:24,9.58648068187,9.392536514538,58.092,97.977,2.618357503,61.677796,302.0,60.0,6799.68,25ns_315b_302_237_240_48bpi_11inj,PROTONS
8289,360703,360744,493,2022-10-19 06:34:08,2022-10-19 10:34:43,2022-10-19 10:42:56,2022-10-19 11:22:12,1.169195165937,1.102502691259,-132.927,94.296,2.096039893,49.374128,302.0,60.0,6799.68,25ns_315b_302_237_240_48bpi_11inj,PROTONS
8276,360482,360492,42856,2022-10-16 15:19:22,2022-10-16 17:00:47,2022-10-17 04:55:03,2022-10-17 05:04:47,597.557504812068,549.28827145374,96.691,91.922,18.200080859,52.846238,2450.0,60.0,6799.56,25ns_2462b_2450_1737_1735_180bpi_17inj_2INDIV,PROTONS
8274,360449,360460,61558,2022-10-15 18:03:32,2022-10-15 20:23:39,2022-10-16 13:29:37,2022-10-16 13:41:29,775.966461339293,730.498757691901,98.408,94.141,18.022037109,67.724542,2450.0,60.0,6799.56,25ns_2462b_2450_1737_1735_180bpi_17inj_2INDIV,PROTONS
8273,360416,360448,16747,2022-10-15 10:32:14,2022-10-15 13:02:00,2022-10-15 17:41:07,2022-10-15 18:03:32,293.968767798528,198.150304738152,71.947,67.405,18.149254948,52.698658,2450.0,60.0,6799.68,25ns_2462b_2450_1737_1735_180bpi_17inj_2INDIV,PROTONS
8272,360411,360415,2301,2022-10-15 08:16:04,2022-10-15 09:29:38,2022-10-15 10:07:59,2022-10-15 10:32:14,42.482908268531,37.775434222926,80.704,88.919,18.062766797,52.447529,2450.0,60.0,6799.68,25ns_2462b_2450_1737_1735_180bpi_17inj_2INDIV,PROTONS
8269,360399,360404,1891,2022-10-15 01:15:38,2022-10-15 02:46:50,2022-10-15 03:18:21,2022-10-15 06:22:32,28.420906474871,26.869788259811,98.466,94.542,17.365850781,50.423945,2450.0,60.0,6799.68,25ns_2462b_2450_1737_1735_180bpi_17inj_2INDIV,PROTONS
8267,360389,360394,6959,2022-10-14 18:58:03,2022-10-14 20:28:33,2022-10-14 22:24:32,2022-10-14 22:44:18,125.240520516371,103.547801794649,83.645,82.679,18.102490234,52.562871,2450.0,60.0,6799.68,25ns_2462b_2450_1737_1735_180bpi_17inj_2INDIV,PROTONS
8263,360322,360327,8255,2022-10-13 22:58:15,2022-10-14 00:25:21,2022-10-14 02:42:56,2022-10-14 02:46:32,138.115404727774,130.642327724205,98.631,94.589,17.945003646,52.148158,2448.0,60.0,6799.68,25ns_2461b_2448_1737_1733_180bpi_16inj_1INDIV,PROTONS
8260,360294,360315,46071,2022-10-13 00:54:23,2022-10-13 02:44:08,2022-10-13 15:31:59,2022-10-13 17:50:58,667.64472340655,632.144071543253,98.574,94.683,18.08818125,52.564233,2448.0,60.0,6799.56,25ns_2461b_2448_1737_1733_180bpi_16inj_1INDIV,PROTONS
8253,360219,360265,14095,2022-10-11 22:43:56,2022-10-12 01:08:01,2022-10-12 05:02:56,2022-10-12 14:13:42,242.133330039916,216.776257444442,96.169,89.528,18.483813932,53.71394,2448.0,60.0,6799.68,25ns_2461b_2448_1737_1733_180bpi_16inj_1INDIV,PROTONS
8248,360133,360141,17534,2022-10-11 03:41:13,2022-10-11 05:30:53,2022-10-11 10:23:07,2022-10-11 10:30:11,298.380104345276,282.146323493718,98.842,94.559,18.150609115,52.745648,2448.0,60.0,6799.56,25ns_2461b_2448_1737_1733_180bpi_16inj_1INDIV,PROTONS
8247,360116,360132,48614,2022-10-10 12:22:54,2022-10-10 13:52:35,2022-10-11 03:22:49,2022-10-11 03:41:13,669.599140169316,588.146237657791,91.482,87.836,18.593889062,54.033818,2448.0,60.0,6799.68,25ns_2461b_2448_1737_1733_180bpi_16inj_1INDIV,PROTONS
8245,360070,360092,46242,2022-10-09 17:54:18,2022-10-09 20:40:36,2022-10-10 09:31:18,2022-10-10 09:40:17,643.257473394771,588.39758820768,95.238,91.472,18.810357422,54.662877,2448.0,60.0,6799.68,25ns_2461b_2448_1737_1733_180bpi_16inj_1INDIV,PROTONS
8238,360017,360021,36663,2022-10-08 09:44:46,2022-10-08 11:20:56,2022-10-08 21:31:59,2022-10-08 21:45:28,494.61306210005,468.442906277947,97.856,94.709,18.700257292,54.342924,2448.0,60.0,6799.68,25ns_2461b_2448_1737_1733_180bpi_16inj_1INDIV,PROTONS
8236,359985,360005,44206,2022-10-07 13:16:34,2022-10-07 16:17:22,2022-10-08 04:34:08,2022-10-08 08:15:01,583.724949424526,557.869346426332,99.0,95.571,19.474050521,56.591567,2448.0,60.0,6799.68,25ns_2461b_2448_1737_1733_180bpi_16inj_1INDIV,PROTONS
8233,359890,359936,9368,2022-10-06 08:31:30,2022-10-06 10:24:32,2022-10-06 13:00:40,2022-10-06 17:55:01,12.304332768654,8.995289270964,74.893,73.107,1.403915267,48.718496,205.0,60.0,6799.68,25ns_315b_302_237_240_48bpi_11inj,PROTONS
8232,359884,359889,11211,2022-10-06 03:30:32,2022-10-06 05:07:28,2022-10-06 08:14:19,2022-10-06 08:31:30,0.32237329723,0.317270730231,99.447,98.417,0.03118395,27.72988,8.0,60.0,6799.68,Single_12b_8_8_8_2018,PROTONS
8230,359842,359877,6532,2022-10-05 10:38:27,2022-10-05 18:53:34,2022-10-05 20:42:26,2022-10-06 01:12:36,125.130550455992,102.735675142052,28.322,82.103,20.121366406,133.804376,2448.0,60.0,6799.68,25ns_2461b_2448_1737_1733_180bpi_16inj_1INDIV,PROTONS
8228,359795,359832,30579,2022-10-04 18:09:14,2022-10-04 22:41:26,2022-10-05 07:11:05,2022-10-05 09:52:14,444.794115269075,397.043729597871,93.044,89.265,18.574805339,53.978362,2448.0,60.0,6799.56,25ns_2461b_2448_1737_1733_180bpi_16inj_1INDIV,PROTONS
8226,359765,359776,7845,2022-10-04 11:12:37,2022-10-04 13:34:57,2022-10-04 15:45:42,2022-10-04 15:51:25,0.241628797343,0.237288976284,99.312,98.204,0.029491423,26.224824,8.0,60.0,6799.56,Single_12b_8_8_8_2018,PROTONS
8225,359759,359764,42904,2022-10-03 21:27:17,2022-10-03 23:14:15,2022-10-04 11:09:19,2022-10-04 11:12:37,505.087557570744,477.388258158675,98.525,94.516,17.644733073,72.793167,2448.0,60.0,6799.56,25ns_2461b_2448_1737_1733_180bpi_16inj_1INDIV,PROTONS
8223,359721,359751,28092,2022-10-03 00:46:29,2022-10-03 11:37:34,2022-10-03 19:25:46,2022-10-03 19:47:40,394.827158020165,363.246456639656,96.622,92.001,18.035898568,52.412301,2448.0,60.0,6799.68,25ns_2461b_2448_1737_1733_180bpi_16inj_1INDIV,PROTONS
8222,359702,359720,16813,2022-10-02 16:06:43,2022-10-02 18:37:44,2022-10-02 23:17:57,2022-10-03 00:46:29,258.52764131768,243.367277344513,98.007,94.136,18.02396901,52.377632,2448.0,60.0,6799.68,25ns_2461b_2448_1737_1733_180bpi_16inj_1INDIV,PROTONS
8221,359697,359699,45903,2022-10-01 23:43:51,2022-10-02 02:38:47,2022-10-02 15:23:50,2022-10-02 16:06:43,448.721983282977,431.163413721988,99.192,96.087,14.306343424,41.574216,2448.0,60.0,6799.56,25ns_2461b_2448_1737_1733_180bpi_16inj_1INDIV,PROTONS
8220,359691,359696,44994,2022-10-01 09:25:09,2022-10-01 10:45:49,2022-10-01 23:15:43,2022-10-01 23:43:51,459.903254406159,408.77002668914,93.286,88.882,15.438556901,65.779799,2448.0,60.0,6799.68,25ns_2461b_2448_1737_1733_180bpi_16inj_1INDIV,PROTONS
8216,359670,359688,30447,2022-09-30 18:13:08,2022-09-30 20:47:04,2022-10-01 05:14:31,2022-10-01 05:54:51,173.169083800988,158.701855281555,89.118,91.646,7.77980765,47.958974,1154.0,60.0,6799.68,25ns_1167b_1154_1022_1088_144bpi_12inj_3INDIV,PROTONS
8214,359631,359669,9475,2022-09-30 10:03:09,2022-09-30 14:54:04,2022-09-30 17:31:59,2022-09-30 18:12:59,57.091776004027,51.567857379582,92.485,90.324,6.936257747,42.758875,1154.0,60.0,6799.68,25ns_1167b_1154_1022_1088_144bpi_12inj_3INDIV,PROTONS
8212,359599,359614,12317,2022-09-30 03:31:07,2022-09-30 05:17:22,2022-09-30 08:42:39,2022-09-30 08:50:47,37.90268617776,24.862405108028,71.85,65.595,4.687231253,57.689316,578.0,60.0,6799.68,25ns_591b_578_510_540_72bpi_12inj_3INDIV,PROTONS
8211,359589,359598,9070,2022-09-29 21:55:35,2022-09-30 00:52:51,2022-09-30 03:24:01,2022-09-30 03:31:07,8.850353247814,8.513785572845,95.667,96.197,1.091745174,53.195546,146.0,60.0,6799.68,25ns_159b_146_128_134_36bpi_8inj_3INDIV,PROTONS
8210,359563,359588,24560,2022-09-29 11:54:16,2022-09-29 14:22:04,2022-09-29 21:11:24,2022-09-29 21:55:35,18.115784894837,14.469993884741,83.069,79.875,1.102761287,56.035121,140.0,60.0,6799.68,Multi_525ns_140b_140_75_16_8bpi_19inj,PROTONS
8184,359350,359357,853,2022-09-26 21:59:22,2022-09-27 00:27:15,2022-09-27 00:41:28,2022-09-27 00:51:57,0.00725416945,0.007090835269,96.952,97.748,0.003192411,22.710446,1.0,60.0,6799.68,2nominals_10pilots_lossmaps_coll_allIPs,PROTONS
8181,359336,359344,13035,2022-09-26 12:02:00,2022-09-26 15:53:44,2022-09-26 19:30:59,2022-09-26 19:47:57,0.233278371962,0.216780439977,96.548,92.928,0.018042006,0.891311,144.0,1920.0,6799.68,525ns_146b_144_35_22_8bpi_20inj_nocloseLR,PROTONS
8178,359272,359302,206553,2022-09-23 20:05:16,2022-09-23 22:21:15,2022-09-26 07:43:48,2022-09-26 08:03:34,2.878868887922,2.736918040275,98.256,95.069,0.018700634,0.923848,144.0,1920.0,6799.68,525ns_146b_144_35_22_8bpi_20inj_nocloseLR,PROTONS
8177,359246,359270,12053,2022-09-23 09:59:43,2022-09-23 16:43:46,2022-09-23 20:04:39,2022-09-23 20:05:16,0.0656992298,0.061866895718,83.954,94.167,0.005724978,0.848476,48.0,1920.0,6799.68,525ns_50b_48_8_13_8bpi_8inj_800ns_bs525ns_v2,PROTONS
8151,357883,357933,44696,2022-08-22 21:37:59,2022-08-22 23:40:34,2022-08-23 12:05:30,2022-08-23 15:02:37,561.171192356338,483.918603078682,93.525,86.234,15.993597331,82.538882,2448.0,60.0,6799.68,25ns_2461b_2448_1737_1733_180bpi_16inj_1INDIV,PROTONS
8149,357786,357871,54862,2022-08-21 18:18:42,2022-08-21 20:58:38,2022-08-22 12:13:00,2022-08-22 19:24:23,632.498779983422,580.268291149609,96.756,91.742,15.994006836,46.478563,2448.0,60.0,6799.68,25ns_2461b_2448_1737_1733_180bpi_16inj_1INDIV,PROTONS
8148,357762,357784,37525,2022-08-21 04:38:36,2022-08-21 07:26:45,2022-08-21 17:52:10,2022-08-21 18:18:42,502.955536947856,412.969352125166,88.019,82.109,19.259507422,57.087467,2400.0,60.0,6799.68,25ns_2413b_2400_1836_1845_240bpi_12inj_1INDIV,PROTONS
8147,357741,357761,17793,2022-08-20 20:30:44,2022-08-20 22:51:54,2022-08-21 03:48:27,2022-08-21 04:38:36,264.467806810425,225.797245769539,90.637,85.378,18.07345651,53.571872,2400.0,60.0,6799.68,25ns_2413b_2400_1836_1845_240bpi_12inj_1INDIV,PROTONS
8146,357731,357735,37248,2022-08-20 08:27:50,2022-08-20 10:00:54,2022-08-20 20:21:42,2022-08-20 20:30:44,505.651681975503,465.246300652933,97.825,92.009,19.454130729,57.664354,2400.0,60.0,6799.8,25ns_2413b_2400_1836_1845_240bpi_12inj_1INDIV,PROTONS
8144,357710,357725,2017,2022-08-19 21:28:48,2022-08-19 23:21:27,2022-08-19 23:55:04,2022-08-20 01:12:57,23.727717066107,21.66052037002,97.868,91.288,16.393182487,71.04515,2400.0,60.0,6799.68,25ns_2413b_2400_1836_1845_240bpi_12inj_1INDIV,PROTONS
8143,357693,357707,52013,2022-08-19 03:55:38,2022-08-19 06:52:41,2022-08-19 21:19:34,2022-08-19 21:28:48,603.023636709037,537.386385149895,91.266,89.115,18.115780859,53.697326,2400.0,60.0,6799.8,25ns_2413b_2400_1836_1845_240bpi_12inj_1INDIV,PROTONS
8142,357682,357692,10708,2022-08-18 19:40:40,2022-08-19 00:50:59,2022-08-19 03:49:27,2022-08-19 03:55:38,165.137696595651,133.848318521162,83.732,81.053,17.588812109,69.995336,2400.0,60.0,6799.8,25ns_2413b_2400_1836_1845_240bpi_12inj_1INDIV,PROTONS
8136,357610,357621,38006,2022-08-17 04:09:09,2022-08-17 05:33:42,2022-08-17 16:07:08,2022-08-17 17:27:00,376.604134753246,353.337270592901,97.5,93.822,13.824252214,51.167607,1922.0,60.0,6799.8,25ns_1935b_1922_1602_1672_192bpi_14inj_3INDIVs,PROTONS
8132,357538,357556,8133,2022-08-15 19:12:21,2022-08-15 20:36:28,2022-08-15 22:52:01,2022-08-16 03:27:14,122.039949506004,101.339213647354,87.348,83.038,17.163595964,50.874937,2400.0,60.0,6799.8,25ns_2413b_2400_1836_1845_240bpi_12inj_1INDIV,PROTONS
8128,357469,357496,746,2022-08-14 16:05:19,2022-08-14 18:41:00,2022-08-14 18:53:26,2022-08-15 12:55:41,415.622301692934,382.759273112384,-139.276,92.093,17.45395026,72.828018,2400.0,60.0,6799.8,25ns_2413b_2400_1836_1845_240bpi_12inj_1INDIV,PROTONS
8125,357443,357464,588,2022-08-14 04:05:54,2022-08-14 06:44:31,2022-08-14 06:54:19,2022-08-14 13:18:43,5.102053588014,4.685744331355,93.197,91.84,10.82173418,32.076906,2400.0,60.0,6799.68,25ns_2413b_2400_1836_1845_240bpi_12inj_1INDIV,PROTONS
8124,357433,357442,48406,2022-08-13 12:40:28,2022-08-13 14:36:28,2022-08-14 04:03:14,2022-08-14 04:05:54,545.805658483103,503.196008131285,95.856,92.193,16.954723047,50.255812,2400.0,60.0,6799.8,25ns_2413b_2400_1836_1845_240bpi_12inj_1INDIV,PROTONS
8121,357403,357422,3620,2022-08-12 23:01:52,2022-08-13 02:46:35,2022-08-13 03:46:55,2022-08-13 11:33:23,37.785445998365,35.596554885771,97.652,94.207,14.940861393,44.286488,2400.0,60.0,6799.8,25ns_2413b_2400_1836_1845_240bpi_12inj_1INDIV,PROTONS
8120,357391,357401,14592,2022-08-12 15:09:14,2022-08-12 18:56:33,2022-08-12 22:59:45,2022-08-12 23:01:52,168.324824879173,162.330506917317,99.466,96.439,13.523697526,40.085844,2400.0,60.0,6799.8,25ns_2413b_2400_1836_1845_240bpi_12inj_1INDIV,PROTONS
8118,357325,357333,37231,2022-08-11 17:58:55,2022-08-11 19:44:56,2022-08-12 06:05:27,2022-08-12 07:41:44,456.727988458798,407.696099234088,96.156,89.265,16.329079427,53.779257,2160.0,60.0,6799.8,25ns_2173b_2160_1804_1737_240bpi_11inj_1INDIV,PROTONS
8115,357210,357274,39184,2022-08-10 13:17:03,2022-08-10 19:32:59,2022-08-11 06:26:03,2022-08-11 06:33:27,471.938275677712,428.931584961582,95.707,90.887,16.25342608625,53.530095,2160.0,60.0,6799.8,25ns_2173b_2160_1804_1737_240bpi_11inj_1INDIV,PROTONS
8113,357084,357114,27555,2022-08-09 14:19:06,2022-08-09 16:54:11,2022-08-10 00:33:26,2022-08-10 00:32:59,346.956806895809,299.05763614142,91.25,86.194,16.068676302,52.921628,2160.0,60.0,6799.68,25ns_2173b_2160_1804_1737_240bpi_11inj_1INDIV,PROTONS
8112,357072,357083,40551,2022-08-09 01:05:06,2022-08-09 02:54:44,2022-08-09 14:10:35,2022-08-09 14:19:06,491.516659321539,462.819819556904,97.359,94.162,16.408601693,54.04116,2160.0,60.0,6799.8,25ns_2173b_2160_1804_1737_240bpi_11inj_1INDIV,PROTONS
8111,357070,357070,371,2022-08-08 22:50:20,2022-08-09 00:57:54,2022-08-09 01:04:05,2022-08-09 01:05:06,1.577818216604,1.392055949292,20.755,88.227,8.437758854,27.789466,2160.0,60.0,6799.8,25ns_2173b_2160_1804_1737_240bpi_11inj_1INDIV,PROTONS
8108,357035,357061,130,2022-08-08 12:50:29,2022-08-08 16:49:10,2022-08-08 16:51:20,2022-08-08 16:55:10,2.120012405494,2.059372185832,70.769,97.14,11.520424674,37.942119,2160.0,60.0,6799.8,25ns_2173b_2160_1804_1737_240bpi_11inj_1INDIV,PROTONS
8106,356996,357005,12353,2022-08-08 03:42:13,2022-08-08 05:44:59,2022-08-08 09:10:52,2022-08-08 09:18:48,131.292755501515,116.719410405845,82.555,88.9,14.390083529,53.261915,1922.0,60.0,6799.68,25ns_1935b_1922_1758_1842_240bpi_12inj_3INDIVs,PROTONS
8103,356957,356991,19760,2022-08-07 08:08:50,2022-08-07 10:59:17,2022-08-07 16:28:37,2022-08-07 18:57:34,226.813019069526,213.493171830517,93.325,94.127,14.16299668,52.4214,1922.0,60.0,6799.68,25ns_1935b_1922_1602_1672_192bpi_14inj_3INDIVs,PROTONS
8102,356939,356956,52896,2022-08-06 15:19:14,2022-08-06 17:25:35,2022-08-07 08:07:11,2022-08-07 08:08:50,518.966705013799,466.869795506228,92.168,89.961,14.485019336,53.6133,1922.0,60.0,6799.8,25ns_1935b_1922_1602_1672_192bpi_14inj_3INDIVs,PROTONS
8100,356921,356937,2921,2022-08-06 04:35:18,2022-08-06 14:01:32,2022-08-06 14:50:13,2022-08-06 14:52:14,29.966396609116,28.397856286633,97.364,94.766,13.325007943,49.319758,1922.0,60.0,6799.8,25ns_1935b_1922_1602_1672_192bpi_14inj_3INDIVs,PROTONS
8099,356916,356919,2363,2022-08-06 01:47:08,2022-08-06 03:55:45,2022-08-06 04:35:08,2022-08-06 04:35:18,24.071896383167,22.883362778742,86.543,95.063,14.050783398,52.006065,1922.0,60.0,6799.8,25ns_1935b_1922_1602_1672_192bpi_14inj_3INDIVs,PROTONS
8098,356891,356915,1789,2022-08-05 23:13:42,2022-08-06 01:12:43,2022-08-06 01:42:32,2022-08-06 01:47:08,20.634440900545,8.318041477704,71.045,40.311,14.102022982,52.195717,1922.0,60.0,6799.8,25ns_1935b_1922_1602_1672_192bpi_14inj_3INDIVs,PROTONS
8094,356808,356850,31886,2022-08-05 00:48:36,2022-08-05 02:19:08,2022-08-05 11:10:34,2022-08-05 15:02:58,315.083123802793,294.574998621471,92.558,93.491,13.209827734,48.893442,1922.0,60.0,6799.68,25ns_1935b_1922_1602_1672_192bpi_14inj_3INDIVs,PROTONS
8091,356786,356798,5961,2022-08-04 18:12:00,2022-08-04 19:35:03,2022-08-04 21:14:24,2022-08-04 21:48:01,67.57481823171,62.261773927453,70.424,92.138,13.359789583,49.448495,1922.0,60.0,6799.68,25ns_1935b_1922_1602_1672_192bpi_14inj_3INDIVs,PROTONS
8088,356715,356727,37937,2022-08-03 23:24:42,2022-08-04 01:04:59,2022-08-04 11:37:16,2022-08-04 12:06:04,350.070355026752,334.471333882064,95.126,95.544,10.807817383,40.002898,1922.0,60.0,6799.8,25ns_1935b_1922_1602_1672_192bpi_14inj_3INDIVs,PROTONS
8087,356705,356714,2966,2022-08-03 20:28:06,2022-08-03 22:03:42,2022-08-03 22:53:08,2022-08-03 23:24:42,25.240644506459,17.568151923033,87.289,69.603,10.744825977,39.769749,1922.0,60.0,6799.8,25ns_1935b_1922_1602_1672_192bpi_14inj_3INDIVs,PROTONS
8083,356613,356636,38342,2022-08-02 16:41:21,2022-08-02 18:10:05,2022-08-03 04:49:07,2022-08-03 06:50:35,272.701427910596,257.188928628582,95.329,94.312,8.723779427,40.351082,1538.0,60.0,6799.68,25ns_1551b_1538_1406_1472_192bpi_12inj_3INDIVs,PROTONS
8081,356576,356582,32016,2022-08-02 03:36:25,2022-08-02 05:10:23,2022-08-02 14:03:59,2022-08-02 14:05:12,232.552764272299,213.572331857753,95.462,91.838,8.582052214,39.695534,1538.0,60.0,6799.8,25ns_1551b_1538_1406_1472_192bpi_12inj_3INDIVs,PROTONS
8079,356566,356572,9469,2022-08-01 17:14:05,2022-08-01 18:51:43,2022-08-01 21:29:32,2022-08-02 02:19:20,72.27917095,66.104601835619,89.65,91.457,9.11919974,42.180064,1538.0,60.0,6799.68,25ns_1551b_1538_1406_1472_192bpi_12inj_3INDIVs,PROTONS
8078,356560,356564,7254,2022-08-01 12:56:59,2022-08-01 14:48:30,2022-08-01 16:49:24,2022-08-01 17:14:05,54.786489450037,53.393568892376,99.269,97.458,8.871624089,41.034925,1538.0,60.0,6799.8,25ns_1551b_1538_1406_1472_192bpi_12inj_3INDIVs,PROTONS
8076,356520,356554,27898,2022-07-31 16:52:00,2022-07-31 18:50:53,2022-08-01 02:35:51,2022-08-01 12:22:32,218.217487445684,176.092697153785,81.723,80.696,8.679846029,40.147872,1538.0,60.0,6799.8,25ns_1551b_1538_1404_1467_144bpi_16inj,PROTONS
8073,356484,356510,17023,2022-07-30 22:55:47,2022-07-31 00:47:20,2022-07-31 05:31:03,2022-07-31 13:22:46,111.767881430289,105.542186599214,98.608,94.43,6.881639453,40.325528,1214.0,60.0,6799.68,25ns_1227b_1214_1054_1102_144bpi_14inj,PROTONS
8072,356460,356483,45132,2022-07-30 07:42:15,2022-07-30 09:55:44,2022-07-30 22:27:56,2022-07-30 22:55:47,263.542646386294,225.994002609763,88.246,85.752,7.193744206,42.154423,1214.0,60.0,6799.8,25ns_1227b_1214_1054_1102_144bpi_14inj,PROTONS
8068,356438,356447,14462,2022-07-29 19:52:15,2022-07-29 22:04:45,2022-07-30 02:05:47,2022-07-30 02:21:44,96.287340090667,92.496742428245,96.467,96.063,7.596499447,44.514517,1214.0,60.0,6799.8,25ns_1227b_1214_1054_1102_144bpi_14inj,PROTONS
8067,356424,356436,21212,2022-07-29 12:28:50,2022-07-29 13:49:24,2022-07-29 19:42:56,2022-07-29 19:52:15,145.914152672443,129.109220358565,83.575,88.483,7.435378711,43.570369,1214.0,60.0,6799.8,25ns_1227b_1214_1054_1102_144bpi_14inj,PROTONS
8063,356369,356386,44988,2022-07-28 17:02:53,2022-07-28 19:03:39,2022-07-29 07:33:27,2022-07-29 07:36:40,222.367445865003,203.596661078397,94.321,91.559,7.035830794,51.388185,974.0,60.0,6799.8,25ns_987b_974_878_917_144bpi_13inj,PROTONS
8062,356362,356371,891,2022-07-28 13:36:31,2022-07-28 16:45:46,2022-07-28 17:00:37,2022-07-28 17:02:53,4.783404867617,3.725288412117,97.643,77.879,5.249282389,38.339622,974.0,60.0,6799.8,25ns_987b_974_878_917_144bpi_13inj,PROTONS
8059,356320,356336,18140,2022-07-27 23:08:47,2022-07-28 00:59:00,2022-07-28 06:01:20,2022-07-28 09:23:35,78.615736071498,74.37737886845,86.714,94.609,5.235758952,38.240849,974.0,60.0,6799.8,25ns_987b_974_876_912_96bpi_17inj,PROTONS
8058,356311,356318,4358,2022-07-27 18:47:17,2022-07-27 21:39:06,2022-07-27 22:51:44,2022-07-27 23:08:47,11.87195199862,11.564387709479,99.403,97.409,3.288726172,31.917626,733.0,60.0,6799.8,25ns_987b_974_876_912_96bpi_17inj,PROTONS
8057,356300,356309,3090,2022-07-27 15:36:39,2022-07-27 17:54:58,2022-07-27 18:46:28,2022-07-27 18:47:17,13.551183557277,12.581381229164,99.45,92.843,4.799419271,35.053919,974.0,60.0,6799.8,25ns_987b_974_876_912_96bpi_17inj,PROTONS
8046,356155,356180,7905,2022-07-25 16:00:51,2022-07-25 17:43:49,2022-07-25 19:55:34,2022-07-25 20:10:25,41.464331202331,26.509058672453,50.55,63.932,7.079822005,51.709487,974.0,60.0,6799.8,25ns_987b_974_878_917_144bpi_13inj,PROTONS
8043,356123,356138,1043,2022-07-25 09:04:59,2022-07-25 11:05:34,2022-07-25 11:22:57,2022-07-25 11:38:53,5.083507620957,4.575974995099,79.195,90.016,4.829456543,35.273304,974.0,60.0,6799.8,25ns_987b_974_878_917_144bpi_13inj,PROTONS
8033,356057,356080,30175,2022-07-23 01:28:57,2022-07-23 12:41:34,2022-07-23 21:04:29,2022-07-23 23:07:04,150.312853738731,132.158267530995,92.431,87.922,5.480737337,40.030119,974.0,60.0,6799.92,25ns_987b_974_876_912_96bpi_17inj,PROTONS
8030,356034,356056,5364,2022-07-22 15:16:03,2022-07-22 17:52:16,2022-07-22 19:21:40,2022-07-22 23:01:41,24.612299063473,16.436167492314,72.315,66.78,5.50300612,40.192764,974.0,60.0,6799.8,25ns_987b_974_876_912_96bpi_17inj,PROTONS
8027,355984,356007,23392,2022-07-21 20:57:08,2022-07-21 23:02:09,2022-07-22 05:32:01,2022-07-22 05:48:11,83.201478229782,66.053357516089,86.423,79.39,4.651600098,56.086353,590.0,60.0,6799.8,25ns_603b_590_526_547_96bpi_13inj,PROTONS
8023,355936,355944,4709,2022-07-21 04:43:01,2022-07-21 06:45:06,2022-07-21 08:03:35,2022-07-21 08:25:45,1.866388944641,1.754910088597,81.865,94.027,2.413014648,29.09476,590.0,60.0,6799.8,25ns_603b_590_524_542_48bpi_17inj,PROTONS
8022,355929,355935,9566,2022-07-20 23:42:11,2022-07-21 01:54:44,2022-07-21 04:34:10,2022-07-21 04:43:01,3.608750488299,2.687386195788,95.63,74.469,2.722919873,32.831422,590.0,60.0,6799.8,25ns_603b_590_524_542_48bpi_17inj,PROTONS
8020,355914,355923,9608,2022-07-20 16:05:05,2022-07-20 18:48:29,2022-07-20 21:28:37,2022-07-20 21:33:46,25.416292259735,23.664985440188,95.025,93.11,2.800228695,33.763568,590.0,60.0,6799.68,25ns_603b_590_524_542_48bpi_17inj,PROTONS
8019,355896,355913,6415,2022-07-20 11:41:49,2022-07-20 14:17:14,2022-07-20 16:04:09,2022-07-20 16:05:05,17.193818449337,15.42267097942,92.845,89.699,2.828857373,34.108756,590.0,60.0,6799.8,25ns_603b_590_524_542_48bpi_17inj,PROTONS
8018,355873,355895,4407,2022-07-20 07:27:19,2022-07-20 10:23:41,2022-07-20 11:37:08,2022-07-20 11:41:49,4.95081e-06,3.495052e-06,100.0,70.596,7.782e-06,0.000817,590.0,60.0,6799.68,25ns_603b_590_524_542_48bpi_17inj,PROTONS
8017,355867,355872,30137,2022-07-19 21:02:21,2022-07-19 22:59:34,2022-07-20 07:21:51,2022-07-20 07:27:19,26.697473371525,23.998835049523,97.664,89.892,2.883946012,34.772984,590.0,60.0,6799.68,25ns_603b_590_524_542_48bpi_17inj,PROTONS
8016,355860,355866,8716,2022-07-19 15:13:30,2022-07-19 18:07:59,2022-07-19 20:33:15,2022-07-19 21:02:21,20.69908541643,18.622258258536,90.822,89.967,2.689320361,32.426298,590.0,60.0,6799.68,25ns_603b_590_524_542_48bpi_17inj,PROTONS
8007,355767,355769,14915,2022-07-18 00:40:25,2022-07-18 03:13:17,2022-07-18 07:21:52,2022-07-18 07:26:33,20.217398516261,19.119841075122,96.856,94.571,1.665663273,39.236215,302.0,60.0,6799.8,25ns_315b_302_237_240_48bpi_11inj,PROTONS
7978,355678,355680,40368,2022-07-14 15:38:25,2022-07-14 16:56:33,2022-07-15 04:09:21,2022-07-15 04:09:55,50.245951747588,48.544120230388,97.453,96.613,1.386086304,32.650526,302.0,60.0,6799.8,25ns_315b_302_237_240_48bpi_11inj,PROTONS
7969,355557,355618,13897,2022-07-12 22:47:12,2022-07-13 00:37:45,2022-07-13 04:29:22,2022-07-13 13:51:47,26.357835661012,22.159093827284,82.385,84.07,1.970284928,42.995033,326.0,60.0,6799.8,25ns_339b_326_206_266_12bpi_31inj,PROTONS
7967,355450,355549,24593,2022-07-11 22:57:19,2022-07-12 01:33:29,2022-07-12 08:23:22,2022-07-12 18:10:10,4.365273547433,4.04349203885,83.512,92.629,0.30144314,33.506748,64.0,60.0,6799.8,525ns_72b_64_48_16_8bpi_9inj_800ns_bs525ns,PROTONS
7966,355430,355449,19119,2022-07-11 15:07:25,2022-07-11 17:18:58,2022-07-11 22:37:37,2022-07-11 22:57:19,6.560050093971,5.809703493283,91.093,88.562,0.385005961,44.175615,62.0,60.0,6799.68,25ns_75b_62_32_62_12bpi_9inj,PROTONS
7965,355429,355429,1564,2022-07-11 13:23:35,2022-07-11 14:40:07,2022-07-11 15:06:11,2022-07-11 15:07:25,0.516199975107,0.493781834203,84.911,95.657,0.366066673,42.002519,62.0,60.0,6799.68,25ns_75b_62_32_62_12bpi_9inj,PROTONS
7963,355401,355419,35079,2022-07-11 00:30:01,2022-07-11 02:27:26,2022-07-11 12:12:05,2022-07-11 12:28:50,10.551734082383,9.483471551446,89.284,89.876,0.406303408,46.619286,62.0,60.0,6799.8,25ns_75b_62_32_62_12bpi_9inj,PROTONS
7960,355370,355383,31469,2022-07-10 10:35:06,2022-07-10 12:14:53,2022-07-10 20:59:22,2022-07-10 21:01:58,9.735638206805,8.244198728271,87.82,84.681,0.358621582,41.148269,62.0,60.0,6799.8,25ns_75b_62_32_62_12bpi_9inj,PROTONS
7923,355198,355208,37386,2022-07-06 21:40:41,2022-07-07 00:21:03,2022-07-07 10:44:09,2022-07-07 10:53:19,1.421155916499,1.297067463964,93.487,91.268,0.043052436,38.28376,,60.0,6799.8,Single_12b_8_8_8_2018,PROTONS
7921,355132,355194,35133,2022-07-06 00:30:04,2022-07-06 02:34:04,2022-07-06 12:19:37,2022-07-06 20:01:10,0.362060100297,0.345894143211,47.235,95.535,0.011338053,40.328802,,60.0,6799.8,Single_3b_2_2_2,PROTONS
7920,355095,355131,33384,2022-07-05 13:04:48,2022-07-05 14:47:08,2022-07-06 00:03:32,2022-07-06 00:30:04,0.162694908755,0.136986720222,86.23,84.199,0.005393463,19.184239,,60.0,6799.92,Single_3b_2_2_2,PROTONS
7916,355056,355059,8151,2022-07-04 23:10:20,2022-07-05 00:12:50,2022-07-05 02:28:41,2022-07-05 02:42:50,5.7973184e-05,5.5449687e-05,97.571,95.647,8.694e-06,0.030786,,1100.0,450.0,Single_4b_2_2_2_noLR,PROTONS
7895,354778,354842,16206,2022-07-01 04:33:40,2022-07-01 06:30:56,2022-07-01 11:01:02,2022-07-01 13:05:47,9.2974649e-05,7.8436559e-05,93.817,84.363,7.8e-06,0.027743,2.0,1100.0,450.0,Single_4b_2_2_2_noLR,PROTONS
7876,354498,354508,21193,2022-06-26 20:43:20,2022-06-26 22:08:59,2022-06-27 04:02:12,2022-06-27 04:18:36,0.002162844295,0.001884116674,92.271,87.113,0.000176914,0.157318,8.0,1100.0,450.0,Single_16b_8_8_8_noLR,PROTONS
7822,354017,354075,15295,2022-06-20 05:19:15,2022-06-20 07:55:49,2022-06-20 12:10:44,2022-06-20 17:50:27,0.001221562697,0.001114802349,86.152,91.26,0.000124278,0.110513,8.0,1100.0,450.0,Single_16b_8_8_8_noLR2,PROTONS
7733,353688,353728,17332,2022-06-13 06:21:56,2022-06-13 07:52:43,2022-06-13 12:41:35,2022-06-13 15:30:32,0.000364499463,0.000315076414,88.997,86.441,3.608e-05,11.649417,2.0,1100.0,450.0,Single_4b_2_2_2_noLR,PROTONS
7703,353080,353090,7240,2022-06-05 13:20:01,2022-06-05 14:41:27,2022-06-05 16:42:07,2022-06-05 17:04:57,0.000216735461,0.000195534302,92.693,90.218,4.0847e-05,12.63692,2.0,1100.0,450.0,Single_4b_2_2_2_noLR,PROTONS
7702,353058,353078,30298,2022-06-05 03:08:55,2022-06-05 04:36:40,2022-06-05 13:01:38,2022-06-05 13:20:01,0.000518603892,0.000491682759,97.165,94.809,3.9242e-05,12.070191,2.0,1100.0,450.0,Single_4b_2_2_2_noLR,PROTONS
7697,353016,353019,10319,2022-06-04 05:49:52,2022-06-04 06:22:40,2022-06-04 09:14:39,2022-06-04 09:24:36,0.000285049368,0.000219021843,97.422,76.836,0.00219299,507.02213,3.0,1100.0,450.0,Single_3b_3_1_1,PROTONS
7696,353011,353015,8026,2022-06-04 03:12:24,2022-06-04 03:33:11,2022-06-04 05:46:57,2022-06-04 05:49:52,0.000307594934,0.000271333776,91.926,88.211,0.000231366,53.492004,3.0,1100.0,450.0,Single_3b_3_1_1,PROTONS
7694,353000,353007,8768,2022-06-03 23:40:41,2022-06-04 00:36:06,2022-06-04 03:02:14,2022-06-04 03:08:21,6.1325e-08,0.0,99.453,0.0,3.061e-06,0.0,0.0,1100.0,450.0,Single_3b_0_2_2,PROTONS
7692,352898,352969,24604,2022-06-03 05:50:52,2022-06-03 06:58:41,2022-06-03 13:48:45,2022-06-03 15:51:48,0.000522365551,0.0004557924,73.988,87.255,3.9453e-05,25.639384,2.0,1100.0,450.0,Single_4b_2_2_2_noLR,PROTONS
7670,352562,352574,22989,2022-05-29 05:08:40,2022-05-29 06:13:10,2022-05-29 12:36:19,2022-05-29 12:59:09,0.000414918489,0.000380801428,96.281,91.777,3.2714e-05,11.345195,2.0,1100.0,450.0,Single_4b_2_2_2_noLR,PROTONS
7663,352489,352510,21984,2022-05-28 05:33:59,2022-05-28 06:25:34,2022-05-28 12:31:58,2022-05-28 12:57:55,0.000492752315,0.000371083159,77.77,75.308,3.5333e-05,12.253677,2.0,1100.0,450.0,Single_4b_2_2_2_noLR,PROTONS
7662,352488,352488,432,2022-05-28 04:58:05,2022-05-28 05:23:27,2022-05-28 05:30:39,2022-05-28 05:33:59,2.8414701e-05,2.0720323e-05,100.0,72.921,3.5696e-05,12.379553,2.0,1100.0,450.12,Single_4b_2_2_2_noLR,PROTONS
7652,352411,352439,15542,2022-05-27 05:28:26,2022-05-27 07:51:04,2022-05-27 12:10:06,2022-05-27 12:17:20,0.000209934035,0.000180660468,94.229,86.056,1.905e-05,6.365274,2.0,1100.0,450.12,Single_4b_2_2_2_noLR,PROTONS
7533,349396,350361,382,2022-03-25 15:18:48,2022-04-08 08:08:49,2022-04-08 08:15:11,2022-04-14 06:33:13,1.79346e-07,1.76302e-07,100.0,98.303,1.888e-06,0.0,,580.0,450.0,25ns_1227b_1214_1054_1102_144bpi_14inj,PROTONS
7532,348457,349386,186,2022-03-08 16:30:46,2022-03-10 15:25:48,2022-03-10 15:28:54,2022-03-25 15:18:48,0.0,0.0,100.0,,0.0,0.0,,580.0,450.12,25ns_985b_973_872_908_96bpi_15inj,PROTONS
9317,375788,375790,29386,2023-10-29 01:19:31,2023-10-29 03:47:38,2023-10-29 11:57:24,2023-10-29 11:59:11,6.3596592e-05,5.9915203e-05,99.483,94.211,5.202e-06,0.000376,960.0,50.0,6799.32,50ns_1080b_960_960_288_40bpi_27inj_PbPb,IONS
9316,375769,375787,1070,2023-10-28 18:30:10,2023-10-28 21:12:58,2023-10-28 21:30:48,2023-10-29 01:19:31,4.964741e-06,4.669957e-06,97.757,94.062,4.716e-06,0.000341,960.0,50.0,6799.2,50ns_1080b_960_960_288_40bpi_27inj_PbPb,IONS
9314,375751,375757,21539,2023-10-28 05:13:47,2023-10-28 08:34:48,2023-10-28 14:33:47,2023-10-28 14:49:10,4.6347271e-05,4.351104e-05,99.424,93.88,3.826e-06,0.000303,875.0,50.0,6799.32,50ns_960b_875_875_218_40bpi_24inj_PbPb,IONS
9312,375717,375746,34496,2023-10-27 12:24:27,2023-10-27 15:47:39,2023-10-28 01:22:35,2023-10-28 01:29:47,6.2535625e-05,5.0604154e-05,91.605,80.921,4.799e-06,0.00038,875.0,50.0,6799.32,50ns_960b_875_875_218_40bpi_24inj_PbPb,IONS
9310,375699,375714,20222,2023-10-26 22:49:10,2023-10-27 02:35:43,2023-10-27 08:12:45,2023-10-27 11:57:20,5.3152663e-05,5.0809664e-05,99.402,95.592,4.365e-06,0.000344,880.0,50.0,6799.32,50ns_961b_880_880_209_40bpi_25inj_PbPb,IONS
9309,375685,375697,22376,2023-10-26 13:27:47,2023-10-26 16:34:57,2023-10-26 22:47:53,2023-10-26 22:49:10,5.1661244e-05,4.7660265e-05,98.48,92.255,5.14e-06,0.000405,880.0,50.0,6799.2,50ns_961b_880_880_209_40bpi_25inj_PbPb,IONS
9306,375660,375668,23711,2023-10-26 00:27:47,2023-10-26 03:01:06,2023-10-26 09:36:17,2023-10-26 09:43:13,4.9978899e-05,4.6616217e-05,98.49,93.272,3.559e-06,0.000281,880.0,50.0,6799.32,50ns_961b_880_880_209_40bpi_25inj_PbPb,IONS
9305,375656,375659,23770,2023-10-25 15:09:00,2023-10-25 17:50:22,2023-10-26 00:26:32,2023-10-26 00:27:47,5.1128865e-05,4.7493995e-05,98.62,92.891,3.698e-06,0.000291,880.0,50.0,6799.32,50ns_961b_880_880_209_40bpi_25inj_PbPb,IONS
9302,375621,375631,23772,2023-10-25 00:03:07,2023-10-25 02:38:47,2023-10-25 09:14:59,2023-10-25 09:27:47,5.3060473e-05,4.9021146e-05,97.291,92.387,3.929e-06,0.00031,880.0,50.0,6799.2,50ns_960b_880_880_208_40bpi_24inj_PbPb,IONS
9301,375598,375616,20947,2023-10-24 15:18:02,2023-10-24 18:12:31,2023-10-25 00:01:38,2023-10-25 00:03:07,5.1028141e-05,4.3703126e-05,79.151,85.645,4.713e-06,0.000371,880.0,50.0,6799.32,50ns_960b_880_880_208_40bpi_24inj_PbPb,IONS
9297,375547,375572,6415,2023-10-24 02:09:58,2023-10-24 04:31:08,2023-10-24 06:18:03,2023-10-24 09:13:46,2.206447e-05,2.0680124e-05,98.8,93.726,3.899e-06,0.000282,960.0,50.0,6799.32,50ns_1080b_960_960_288_40bpi_27inj_PbPb,IONS
9296,375542,375546,3788,2023-10-23 22:17:35,2023-10-24 00:59:01,2023-10-24 02:02:09,2023-10-24 02:09:58,1.3883554e-05,1.3102962e-05,99.34,94.378,3.543e-06,0.000256,960.0,50.0,6799.32,50ns_1080b_960_960_288_40bpi_27inj_PbPb,IONS
9294,375528,375531,20143,2023-10-23 11:08:37,2023-10-23 14:07:56,2023-10-23 19:43:39,2023-10-23 19:45:41,4.7519583e-05,4.3398113e-05,98.054,91.327,4.351e-06,0.000314,960.0,50.0,6799.32,50ns_1081b_960_960_289_40bpi_28inj_PbPb,IONS
9292,375508,375513,29296,2023-10-22 20:39:33,2023-10-22 23:44:08,2023-10-23 07:52:24,2023-10-23 07:54:01,6.187256e-05,5.7820114e-05,99.522,93.45,3.554e-06,0.000257,960.0,50.0,6799.32,50ns_1081b_960_960_289_40bpi_28inj_PbPb,IONS
9291,375502,375507,23398,2023-10-22 11:57:30,2023-10-22 14:07:59,2023-10-22 20:37:57,2023-10-22 20:39:33,6.0295243e-05,5.6585927e-05,99.107,93.848,3.554e-06,0.000257,960.0,50.0,6799.32,50ns_1081b_960_960_289_40bpi_28inj_PbPb,IONS
9289,375487,375500,14591,2023-10-21 23:21:29,2023-10-22 01:54:58,2023-10-22 05:58:09,2023-10-22 08:11:22,4.5672044e-05,4.3343949e-05,99.28,94.903,3.537e-06,0.000256,960.0,50.0,6799.32,50ns_1081b_960_960_289_40bpi_28inj_PbPb,IONS
9288,375482,375483,24368,2023-10-21 14:05:48,2023-10-21 16:33:24,2023-10-21 23:19:32,2023-10-21 23:21:29,5.9161869e-05,5.5435419e-05,99.368,93.701,3.679e-06,0.000266,960.0,50.0,6799.32,50ns_1081b_960_960_289_40bpi_28inj_PbPb,IONS
9285,375457,375465,21545,2023-10-21 03:37:21,2023-10-21 05:55:30,2023-10-21 11:54:35,2023-10-21 11:56:02,5.6369696e-05,5.2329842e-05,97.094,92.833,6.125e-06,0.000483,880.0,50.0,6799.32,50ns_961b_880_880_209_40bpi_25inj_PbPb,IONS
9284,375452,375455,4017,2023-10-20 23:50:28,2023-10-21 02:24:06,2023-10-21 03:31:03,2023-10-21 03:37:21,1.5240076e-05,1.4283652e-05,98.904,93.724,5.787e-06,0.000456,880.0,50.0,6799.32,50ns_961b_880_880_209_40bpi_25inj_PbPb,IONS
9283,375443,375450,4006,2023-10-20 18:05:28,2023-10-20 20:39:01,2023-10-20 21:45:47,2023-10-20 23:50:28,1.5634648e-05,1.3094978e-05,99.051,83.756,5.955e-06,0.000469,880.0,50.0,6799.32,50ns_961b_880_880_209_40bpi_25inj_PbPb,IONS
9282,375418,375441,21188,2023-10-20 09:28:34,2023-10-20 12:11:20,2023-10-20 18:04:28,2023-10-20 18:05:28,5.6357006e-05,4.9469211e-05,97.692,87.778,6.088e-06,0.00048,880.0,50.0,6799.32,50ns_961b_880_880_209_40bpi_25inj_PbPb,IONS
9281,375407,375415,21269,2023-10-20 00:37:06,2023-10-20 03:32:10,2023-10-20 09:26:39,2023-10-20 09:28:34,4.9165195e-05,4.3238808e-05,95.543,87.946,4.781e-06,0.000377,880.0,50.0,6799.32,50ns_961b_880_880_209_40bpi_25inj_PbPb,IONS
9279,375378,375391,6898,2023-10-19 17:29:47,2023-10-19 19:58:47,2023-10-19 21:53:45,2023-10-19 22:02:50,1.2608327e-05,9.357413e-06,74.572,74.216,2.409e-06,0.000424,394.0,50.0,6799.32,50ns_451b_394_394_161_56bpi_11inj_3INDIV_PbPb,IONS
9273,375310,375318,9924,2023-10-18 00:24:09,2023-10-18 03:27:12,2023-10-18 06:12:36,2023-10-18 07:03:24,3.1387664e-05,2.8466939e-05,98.902,90.695,5.475e-06,0.000432,880.0,50.0,6799.32,50ns_961b_880_880_209_40bpi_25inj_PbPb,IONS
9271,375283,375300,16919,2023-10-17 11:25:35,2023-10-17 17:18:04,2023-10-17 22:00:03,2023-10-17 22:01:31,4.411664e-05,4.0245297e-05,99.297,91.225,5.126e-06,0.000404,880.0,50.0,6799.32,50ns_961b_880_880_209_40bpi_25inj_PbPb,IONS
9270,375258,375259,17350,2023-10-17 03:37:25,2023-10-17 06:31:13,2023-10-17 11:20:23,2023-10-17 11:25:35,4.7505901e-05,4.3744477e-05,98.974,92.082,5.875e-06,0.000463,880.0,50.0,6799.32,50ns_961b_880_880_209_40bpi_25inj_PbPb,IONS
9269,375254,375257,2335,2023-10-17 00:02:02,2023-10-17 02:49:09,2023-10-17 03:28:04,2023-10-17 03:37:25,8.697832e-06,7.920363e-06,98.844,91.061,5.304e-06,0.000418,880.0,50.0,6799.32,50ns_961b_880_880_209_40bpi_25inj_PbPb,IONS
9268,375247,375252,17056,2023-10-16 16:17:59,2023-10-16 19:06:11,2023-10-16 23:50:27,2023-10-17 00:02:02,4.5790129e-05,4.2351564e-05,99.214,92.491,5.462e-06,0.000431,880.0,50.0,6799.32,50ns_961b_880_880_209_40bpi_25inj_PbPb,IONS
9267,375230,375245,2501,2023-10-16 12:21:55,2023-10-16 15:33:08,2023-10-16 16:14:49,2023-10-16 16:17:59,1.0572377e-05,9.691429e-06,98.56,91.667,5.675e-06,0.000447,880.0,50.0,6799.32,50ns_960b_880_880_208_40bpi_24inj_PbPb,IONS
9263,375200,375208,15624,2023-10-15 20:50:44,2023-10-15 23:13:26,2023-10-16 03:33:50,2023-10-16 06:45:39,4.5141327e-05,4.1240757e-05,99.341,91.359,5.421e-06,0.000346,1088.0,50.0,6799.32,50ns_1240b_1088_1088_398_56bpi_PbPb,IONS
9260,375183,375199,3058,2023-10-15 07:48:37,2023-10-15 10:56:41,2023-10-15 11:47:39,2023-10-15 17:07:56,1.5573026e-05,1.4374061e-05,98.201,92.301,5.485e-06,0.00035,1088.0,50.0,6799.44,50ns_1240b_1088_1088_398_56bpi_PbPb,IONS
9258,375155,375180,5557,2023-10-14 22:11:50,2023-10-15 04:24:33,2023-10-15 05:57:10,2023-10-15 07:48:14,2.4533656e-05,2.2562566e-05,99.154,91.966,5.488e-06,0.00035,1088.0,50.0,6799.32,50ns_1240b_1088_1088_398_56bpi_PbPb,IONS
9256,375131,375153,4986,2023-10-14 13:57:59,2023-10-14 17:29:05,2023-10-14 18:52:11,2023-10-14 21:22:26,2.1941378e-05,1.9438975e-05,94.244,88.595,5.781e-06,0.000369,1088.0,50.0,6799.44,50ns_1240b_1088_1088_398_56bpi_PbPb,IONS
9254,375094,375128,1868,2023-10-13 14:02:18,2023-10-13 20:14:42,2023-10-13 20:45:50,2023-10-14 13:25:50,1.0188404e-05,9.445845e-06,97.483,92.712,5.701e-06,0.000363,1088.0,50.0,6799.44,50ns_1240b_1088_1088_398_56bpi_PbPb,IONS
9252,375062,375089,17596,2023-10-13 03:28:13,2023-10-13 06:08:36,2023-10-13 11:01:52,2023-10-13 13:36:47,4.9427599e-05,4.5870642e-05,99.301,92.804,5.27e-06,0.000354,1088.0,50.0,6799.32,50ns_1240b_1088_1088_398_56bpi_PbPb,IONS
9251,375057,375061,8844,2023-10-12 21:53:02,2023-10-13 00:47:50,2023-10-13 03:15:14,2023-10-13 03:28:13,2.8567691e-05,1.9906389e-05,70.169,69.681,4.821e-06,0.000881,1088.0,50.0,6799.32,50ns_1240b_1088_1088_398_56bpi_PbPb,IONS
9250,375044,375056,17865,2023-10-12 14:25:07,2023-10-12 16:43:58,2023-10-12 21:41:43,2023-10-12 21:53:02,5.2414723e-05,4.8818015e-05,99.396,93.138,5.627e-06,0.000359,1088.0,50.0,6799.32,50ns_1240b_1088_1088_398_56bpi_PbPb,IONS
9247,375009,375013,23786,2023-10-12 02:02:42,2023-10-12 04:57:30,2023-10-12 11:33:56,2023-10-12 11:39:12,5.7920651e-05,5.4072684e-05,99.348,93.356,5.204e-06,0.000332,1088.0,50.0,6799.32,50ns_1240b_1088_1088_398_56bpi_PbPb,IONS
9246,375005,375008,17049,2023-10-11 18:38:56,2023-10-11 21:05:50,2023-10-12 01:49:59,2023-10-12 02:02:42,5.1949358e-05,4.7489947e-05,98.792,91.416,5.868e-06,0.000374,1088.0,50.0,6799.32,50ns_1240b_1088_1088_398_56bpi_PbPb,IONS
9245,374989,375004,17524,2023-10-11 10:31:11,2023-10-11 13:21:20,2023-10-11 18:13:24,2023-10-11 18:38:56,4.9605448e-05,4.5282495e-05,95.309,91.285,5.21e-06,0.000332,1088.0,50.0,6799.44,50ns_1240b_1088_1088_398_56bpi_PbPb,IONS
9242,374966,374980,13132,2023-10-11 00:02:59,2023-10-11 02:59:20,2023-10-11 06:38:12,2023-10-11 08:40:56,4.2183884e-05,3.9982476e-05,99.132,94.781,5.451e-06,0.000348,1088.0,50.0,6799.44,50ns_1240b_1088_1088_398_56bpi_PbPb,IONS
9240,374956,374961,11137,2023-10-10 16:01:48,2023-10-10 18:21:22,2023-10-10 21:26:59,2023-10-10 21:30:34,5.400078e-06,5.257895e-06,99.452,97.367,9.47e-07,0.000322,204.0,50.0,6799.32,100ns_432b_204_324_301_28bpi_27inj_VdMPbPb,IONS
9239,374947,374955,4874,2023-10-10 10:02:17,2023-10-10 13:09:53,2023-10-10 14:31:07,2023-10-10 16:01:48,2.704206e-06,2.277368e-06,85.061,84.216,8.48e-07,0.000288,204.0,50.0,6799.32,100ns_432b_204_324_301_28bpi_27inj_VdMPbPb,IONS
9237,374921,374926,18591,2023-10-09 21:55:57,2023-10-10 01:34:35,2023-10-10 06:44:26,2023-10-10 07:00:59,5.2472601e-05,4.9348505e-05,99.446,94.046,5.625e-06,0.000359,1088.0,50.0,6799.44,50ns_1240b_1088_1088_398_56bpi_PbPb,IONS
9235,374829,374844,5831,2023-10-06 17:38:30,2023-10-06 20:51:17,2023-10-06 22:28:28,2023-10-07 09:27:25,2.4306903e-05,2.2257708e-05,93.638,91.569,5.626e-06,0.000359,1088.0,50.0,6799.32,50ns_1240b_1088_1088_398_56bpi_PbPb,IONS
9234,374825,374828,1027,2023-10-06 14:22:26,2023-10-06 17:14:57,2023-10-06 17:32:04,2023-10-06 17:38:30,5.911456e-06,5.499511e-06,99.025,93.031,5.892e-06,0.000376,1088.0,50.0,6799.32,50ns_1240b_1088_1088_398_56bpi_PbPb,IONS
9232,374806,374824,39666,2023-10-05 20:45:21,2023-10-05 23:35:35,2023-10-06 10:36:41,2023-10-06 13:55:33,6.633992e-05,6.2485343e-05,99.632,94.19,5.268e-06,0.000362,1010.0,50.0,6799.32,50ns_1123b_1010_1010_320_56bpi_23inj_3INIDV_PbPb,IONS
9231,374799,374805,14046,2023-10-05 14:37:46,2023-10-05 16:37:11,2023-10-05 20:31:17,2023-10-05 20:45:21,4.2642959e-05,3.9345959e-05,98.263,92.268,5.485e-06,0.000377,1010.0,50.0,6799.32,50ns_1123b_1010_1010_320_56bpi_23inj_3INIDV_PbPb,IONS
9226,374769,374793,5890,2023-10-05 02:19:12,2023-10-05 04:56:12,2023-10-05 06:34:22,2023-10-05 09:10:58,1.6115694e-05,1.5005619e-05,99.796,93.112,3.613e-06,0.000372,674.0,50.0,6799.32,50ns_899b_674_771_522_56bpi_19inj_3INDIV_PbPb,IONS
9225,374760,374768,4520,2023-10-04 22:45:11,2023-10-05 01:01:19,2023-10-05 02:16:39,2023-10-05 02:19:12,3.944338e-06,3.214332e-06,82.058,81.492,1.06e-06,0.000433,170.0,50.0,6799.32,50ns_227b_170_170_161_56bpi_7inj_3INDIV_PbPb,IONS
9223,374721,374731,13846,2023-10-04 02:45:11,2023-10-04 06:37:27,2023-10-04 10:28:13,2023-10-04 10:38:37,2.6483482e-05,2.4238437e-05,96.216,91.523,3.399e-06,0.00035,674.0,50.0,6799.32,50ns_899b_674_771_522_56bpi_19inj_3INDIV_PbPb,IONS
9222,374710,374719,17041,2023-10-03 17:49:39,2023-10-03 21:59:54,2023-10-04 02:43:55,2023-10-04 02:45:11,3.1739225e-05,3.0138565e-05,99.472,94.957,3.6e-06,0.00037,674.0,50.0,6799.44,50ns_899b_674_771_522_56bpi_19inj_3INDIV_PbPb,IONS
9220,374676,374683,20853,2023-10-03 00:18:16,2023-10-03 02:48:46,2023-10-03 08:36:19,2023-10-03 09:00:51,2.7218966e-05,2.5532694e-05,97.972,93.805,2.965e-06,0.000406,506.0,50.0,6799.32,50ns_675b_506_610_369_56bpi_15inj_3INDIV_PbPb,IONS
9218,374657,374668,18120,2023-10-02 12:30:03,2023-10-02 17:03:16,2023-10-02 22:05:16,2023-10-02 22:06:40,2.2403488e-05,2.1072475e-05,97.997,94.059,2.29e-06,0.000314,506.0,50.0,6799.32,50ns_675b_506_610_369_56bpi_15inj_3INDIV_PbPb,IONS
9217,374639,374647,15714,2023-10-02 02:24:18,2023-10-02 07:33:03,2023-10-02 11:54:57,2023-10-02 12:30:03,2.10767e-06,2.025985e-06,99.739,96.124,1.159e-06,0.000394,204.0,50.0,6799.32,100ns_432b_204_324_301_28bpi_27inj_VdMPbPb,IONS
9216,374632,374634,4224,2023-10-01 22:50:05,2023-10-02 00:59:48,2023-10-02 02:10:12,2023-10-02 02:24:18,1.380625e-06,1.324253e-06,99.479,95.917,1.097e-06,0.000373,204.0,50.0,6799.44,100ns_432b_204_324_301_28bpi_27inj_VdMPbPb,IONS
9213,374591,374599,11149,2023-10-01 06:25:44,2023-10-01 08:36:53,2023-10-01 11:42:42,2023-10-01 11:46:54,1.6064921e-05,1.4424583e-05,92.474,89.789,2.367e-06,0.000417,394.0,50.0,6799.32,50ns_451b_394_394_161_56bpi_11inj_3INDIV_PbPb,IONS
9212,374584,374588,29226,2023-09-30 20:22:07,2023-09-30 22:17:22,2023-10-01 06:24:28,2023-10-01 06:25:44,1.8713584e-05,1.8101484e-05,99.737,96.729,1.839e-06,0.000369,346.0,50.0,6799.44,100ns_432b_374_250_181_28bpi_27inj_VdMPbPb,IONS
9209,374516,374545,19297,2023-09-30 05:41:55,2023-09-30 09:57:08,2023-09-30 15:18:45,2023-09-30 15:20:15,5.553649e-06,1.832732e-06,9.033,33.001,1.416e-06,0.000263,374.0,50.0,6799.32,100ns_432b_374_250_181_28bpi_27inj_VdMPbPb,IONS
9206,374409,374454,7366,2023-09-29 03:20:33,2023-09-29 05:27:29,2023-09-29 07:30:15,2023-09-29 12:23:42,1.1777987e-05,1.141148e-05,99.226,96.888,2.419e-06,0.000426,394.0,50.0,6799.32,50ns_451b_394_394_161_56bpi_11inj_3INDIV_PbPb,IONS
9201,374355,374361,1115,2023-09-28 04:43:24,2023-09-28 06:53:10,2023-09-28 07:11:45,2023-09-28 14:38:44,2.30743e-07,2.30374e-07,100.0,99.84,3.9e-08,0.000383,7.0,50.0,6799.32,Multi_21b_6_6_6_3bpi_9inj_PbPb_1us,IONS
9200,374352,374354,4745,2023-09-28 01:28:17,2023-09-28 03:10:44,2023-09-28 04:29:49,2023-09-28 04:43:24,3.682404e-06,3.58075e-06,98.988,97.239,9.93e-07,0.000405,170.0,50.0,6799.44,50ns_227b_170_170_161_56bpi_7inj_3INDIV_PbPb,IONS
9197,374337,374348,11406,2023-09-27 17:51:34,2023-09-27 20:05:24,2023-09-27 23:15:30,2023-09-27 23:25:01,5.766345e-06,5.244002e-06,90.338,90.942,1.022e-06,0.000417,170.0,50.0,6799.32,50ns_227b_170_170_161_56bpi_7inj_3INDIV_PbPb,IONS
9194,374309,374323,8946,2023-09-27 07:03:19,2023-09-27 10:29:27,2023-09-27 12:58:33,2023-09-27 12:59:50,6.772748e-06,6.486239e-06,100.0,95.77,1.174578e-06,0.000479,170.0,50.0,6799.32,50ns_227b_170_170_161_56bpi_7inj_3INDIV_PbPb,IONS
9193,374297,374307,17883,2023-09-26 21:09:18,2023-09-27 02:00:47,2023-09-27 06:58:50,2023-09-27 07:03:19,9.218484e-06,9.059094e-06,99.955,98.271,1.054e-06,0.00043,170.0,50.0,6799.44,50ns_227b_170_170_161_56bpi_7inj_3INDIV_PbPb,IONS
9192,374277,374296,11176,2023-09-26 15:06:37,2023-09-26 17:46:57,2023-09-26 20:53:13,2023-09-26 21:09:18,2.66906e-06,2.377209e-06,100.0,89.065,1.23e-06,0.00147,58.0,50.0,6799.44,50ns_119b_58_51_58_56bpi_9inj_3INDIV_4NC_PbPb,IONS
